/*
 Navicat Premium Data Transfer

 Source Server         : localhost_3306
 Source Server Type    : MySQL
 Source Server Version : 80030
 Source Host           : localhost:3306
 Source Schema         : new_mesi

 Target Server Type    : MySQL
 Target Server Version : 80030
 File Encoding         : 65001

 Date: 19/05/2025 15:10:13
*/

SET NAMES utf8mb4;
SET FOREIGN_KEY_CHECKS = 0;

-- ----------------------------
-- Table structure for cache
-- ----------------------------
DROP TABLE IF EXISTS `cache`;
CREATE TABLE `cache`  (
  `key` varchar(255) CHARACTER SET utf8mb4 COLLATE utf8mb4_unicode_ci NOT NULL,
  `value` mediumtext CHARACTER SET utf8mb4 COLLATE utf8mb4_unicode_ci NOT NULL,
  `expiration` int NOT NULL,
  PRIMARY KEY (`key`) USING BTREE
) ENGINE = InnoDB CHARACTER SET = utf8mb4 COLLATE = utf8mb4_unicode_ci ROW_FORMAT = Dynamic;

-- ----------------------------
-- Records of cache
-- ----------------------------

-- ----------------------------
-- Table structure for cache_locks
-- ----------------------------
DROP TABLE IF EXISTS `cache_locks`;
CREATE TABLE `cache_locks`  (
  `key` varchar(255) CHARACTER SET utf8mb4 COLLATE utf8mb4_unicode_ci NOT NULL,
  `owner` varchar(255) CHARACTER SET utf8mb4 COLLATE utf8mb4_unicode_ci NOT NULL,
  `expiration` int NOT NULL,
  PRIMARY KEY (`key`) USING BTREE
) ENGINE = InnoDB CHARACTER SET = utf8mb4 COLLATE = utf8mb4_unicode_ci ROW_FORMAT = Dynamic;

-- ----------------------------
-- Records of cache_locks
-- ----------------------------

-- ----------------------------
-- Table structure for failed_jobs
-- ----------------------------
DROP TABLE IF EXISTS `failed_jobs`;
CREATE TABLE `failed_jobs`  (
  `id` bigint UNSIGNED NOT NULL AUTO_INCREMENT,
  `uuid` varchar(255) CHARACTER SET utf8mb4 COLLATE utf8mb4_unicode_ci NOT NULL,
  `connection` text CHARACTER SET utf8mb4 COLLATE utf8mb4_unicode_ci NOT NULL,
  `queue` text CHARACTER SET utf8mb4 COLLATE utf8mb4_unicode_ci NOT NULL,
  `payload` longtext CHARACTER SET utf8mb4 COLLATE utf8mb4_unicode_ci NOT NULL,
  `exception` longtext CHARACTER SET utf8mb4 COLLATE utf8mb4_unicode_ci NOT NULL,
  `failed_at` timestamp(0) NOT NULL DEFAULT CURRENT_TIMESTAMP(0),
  PRIMARY KEY (`id`) USING BTREE,
  UNIQUE INDEX `failed_jobs_uuid_unique`(`uuid`) USING BTREE
) ENGINE = InnoDB CHARACTER SET = utf8mb4 COLLATE = utf8mb4_unicode_ci ROW_FORMAT = Dynamic;

-- ----------------------------
-- Records of failed_jobs
-- ----------------------------

-- ----------------------------
-- Table structure for job_batches
-- ----------------------------
DROP TABLE IF EXISTS `job_batches`;
CREATE TABLE `job_batches`  (
  `id` varchar(255) CHARACTER SET utf8mb4 COLLATE utf8mb4_unicode_ci NOT NULL,
  `name` varchar(255) CHARACTER SET utf8mb4 COLLATE utf8mb4_unicode_ci NOT NULL,
  `total_jobs` int NOT NULL,
  `pending_jobs` int NOT NULL,
  `failed_jobs` int NOT NULL,
  `failed_job_ids` longtext CHARACTER SET utf8mb4 COLLATE utf8mb4_unicode_ci NOT NULL,
  `options` mediumtext CHARACTER SET utf8mb4 COLLATE utf8mb4_unicode_ci NULL,
  `cancelled_at` int NULL DEFAULT NULL,
  `created_at` int NOT NULL,
  `finished_at` int NULL DEFAULT NULL,
  PRIMARY KEY (`id`) USING BTREE
) ENGINE = InnoDB CHARACTER SET = utf8mb4 COLLATE = utf8mb4_unicode_ci ROW_FORMAT = Dynamic;

-- ----------------------------
-- Records of job_batches
-- ----------------------------

-- ----------------------------
-- Table structure for jobs
-- ----------------------------
DROP TABLE IF EXISTS `jobs`;
CREATE TABLE `jobs`  (
  `id` bigint UNSIGNED NOT NULL AUTO_INCREMENT,
  `queue` varchar(255) CHARACTER SET utf8mb4 COLLATE utf8mb4_unicode_ci NOT NULL,
  `payload` longtext CHARACTER SET utf8mb4 COLLATE utf8mb4_unicode_ci NOT NULL,
  `attempts` tinyint UNSIGNED NOT NULL,
  `reserved_at` int UNSIGNED NULL DEFAULT NULL,
  `available_at` int UNSIGNED NOT NULL,
  `created_at` int UNSIGNED NOT NULL,
  PRIMARY KEY (`id`) USING BTREE,
  INDEX `jobs_queue_index`(`queue`) USING BTREE
) ENGINE = InnoDB CHARACTER SET = utf8mb4 COLLATE = utf8mb4_unicode_ci ROW_FORMAT = Dynamic;

-- ----------------------------
-- Records of jobs
-- ----------------------------

-- ----------------------------
-- Table structure for migrations
-- ----------------------------
DROP TABLE IF EXISTS `migrations`;
CREATE TABLE `migrations`  (
  `id` int UNSIGNED NOT NULL AUTO_INCREMENT,
  `migration` varchar(255) CHARACTER SET utf8mb4 COLLATE utf8mb4_unicode_ci NOT NULL,
  `batch` int NOT NULL,
  PRIMARY KEY (`id`) USING BTREE
) ENGINE = InnoDB AUTO_INCREMENT = 43 CHARACTER SET = utf8mb4 COLLATE = utf8mb4_unicode_ci ROW_FORMAT = Dynamic;

-- ----------------------------
-- Records of migrations
-- ----------------------------
INSERT INTO `migrations` VALUES (5, '2024_10_30_084332_rubah_tipedata_id_users', 2);
INSERT INTO `migrations` VALUES (7, '2024_11_04_061515_create_tbl_lvl_table', 4);
INSERT INTO `migrations` VALUES (9, '2024_11_04_061652_create_tbl_instansi_table', 5);
INSERT INTO `migrations` VALUES (14, '0001_01_01_000000_create_users_table', 6);
INSERT INTO `migrations` VALUES (15, '0001_01_01_000001_create_cache_table', 6);
INSERT INTO `migrations` VALUES (16, '0001_01_01_000002_create_jobs_table', 6);
INSERT INTO `migrations` VALUES (17, '2024_11_04_060746_update_users_table', 6);
INSERT INTO `migrations` VALUES (18, '2024_11_04_080342_create_tbl_lvl_table', 6);
INSERT INTO `migrations` VALUES (19, '2024_11_04_080350_create_tbl_instansi_table', 6);
INSERT INTO `migrations` VALUES (20, '2024_11_04_081056_add_relations_to_users_table', 6);
INSERT INTO `migrations` VALUES (21, '2024_11_04_081847_create_titik_baliho_table', 6);
INSERT INTO `migrations` VALUES (22, '2024_11_11_080050_create_table_baliho', 7);
INSERT INTO `migrations` VALUES (23, '2024_11_12_005532_remove_koordinat_baliho_from_tbl_baliho', 8);
INSERT INTO `migrations` VALUES (24, '2024_11_20_072947_buat_tabel_detail_pesan', 9);
INSERT INTO `migrations` VALUES (25, '2024_11_21_045327_rubah_tabel_detail_pesan', 10);
INSERT INTO `migrations` VALUES (27, '2024_11_25_010641_buat_tabel_pesan', 11);
INSERT INTO `migrations` VALUES (28, '2024_11_29_025116_buat_relasi_pesan', 11);
INSERT INTO `migrations` VALUES (29, '2024_11_29_034856_buat_tabel_pesan', 12);
INSERT INTO `migrations` VALUES (30, '2024_12_02_063833_buat_tabel_pesan', 13);
INSERT INTO `migrations` VALUES (31, '2024_12_02_074244_buat_tabel_pesan', 14);
INSERT INTO `migrations` VALUES (32, '2024_12_03_092611_buat_tabel_upaya_login', 15);
INSERT INTO `migrations` VALUES (33, '2024_12_03_095401_add_timestamps_to_tbl_usaha_rudapaksa', 16);
INSERT INTO `migrations` VALUES (34, '2024_12_04_095652_add_columns_to_tbl_pesan', 17);
INSERT INTO `migrations` VALUES (35, '2024_12_05_152202_tambah_kolom_tabel_pesan', 18);
INSERT INTO `migrations` VALUES (36, '2024_12_10_200751_create_visitors_table', 19);
INSERT INTO `migrations` VALUES (37, '2024_12_12_074028_tambah_kolom_username_tabel_users', 20);
INSERT INTO `migrations` VALUES (38, '2024_12_12_152615_tambah__username_table_usaha_rudapaksa', 21);
INSERT INTO `migrations` VALUES (39, '2024_12_24_131816_buat_tabel_trans_pesan', 22);
INSERT INTO `migrations` VALUES (40, '2024_12_24_132133_tambah_kolom_tbl_pesan', 22);
INSERT INTO `migrations` VALUES (41, '2024_12_27_083153_buat_tabel_referensi', 22);
INSERT INTO `migrations` VALUES (42, '2025_01_15_081536_buat_tabel_detail_transaksi_pesan', 23);
INSERT INTO `migrations` VALUES (43, '2025_01_15_094409_relasi_tabel_detail_transaksi_pesan', 24);

-- ----------------------------
-- Table structure for password_reset_tokens
-- ----------------------------
DROP TABLE IF EXISTS `password_reset_tokens`;
CREATE TABLE `password_reset_tokens`  (
  `email` varchar(255) CHARACTER SET utf8mb4 COLLATE utf8mb4_unicode_ci NOT NULL,
  `token` varchar(255) CHARACTER SET utf8mb4 COLLATE utf8mb4_unicode_ci NOT NULL,
  `created_at` timestamp(0) NULL DEFAULT NULL,
  PRIMARY KEY (`email`) USING BTREE
) ENGINE = InnoDB CHARACTER SET = utf8mb4 COLLATE = utf8mb4_unicode_ci ROW_FORMAT = Dynamic;

-- ----------------------------
-- Records of password_reset_tokens
-- ----------------------------

-- ----------------------------
-- Table structure for sessions
-- ----------------------------
DROP TABLE IF EXISTS `sessions`;
CREATE TABLE `sessions`  (
  `id` varchar(255) CHARACTER SET utf8mb4 COLLATE utf8mb4_unicode_ci NOT NULL,
  `user_id` bigint UNSIGNED NULL DEFAULT NULL,
  `ip_address` varchar(45) CHARACTER SET utf8mb4 COLLATE utf8mb4_unicode_ci NULL DEFAULT NULL,
  `user_agent` text CHARACTER SET utf8mb4 COLLATE utf8mb4_unicode_ci NULL,
  `payload` longtext CHARACTER SET utf8mb4 COLLATE utf8mb4_unicode_ci NOT NULL,
  `last_activity` int NOT NULL,
  PRIMARY KEY (`id`) USING BTREE,
  INDEX `sessions_user_id_index`(`user_id`) USING BTREE,
  INDEX `sessions_last_activity_index`(`last_activity`) USING BTREE
) ENGINE = InnoDB CHARACTER SET = utf8mb4 COLLATE = utf8mb4_unicode_ci ROW_FORMAT = Dynamic;

-- ----------------------------
-- Records of sessions
-- ----------------------------
INSERT INTO `sessions` VALUES ('FZhJ15LSaV1x5Ew3sU8GXBs0Uy6TJfLUbugEp1qa', NULL, '127.0.0.1', 'Mozilla/5.0 (Windows NT 10.0; Win64; x64; rv:132.0) Gecko/20100101 Firefox/132.0', 'YTo0OntzOjY6Il90b2tlbiI7czo0MDoibEltUkVJWnVqb01rTzRFM2c1dG9QSHFYTDZrRjZaMFFDT2RuTW1QdyI7czozOiJ1cmwiO2E6MTp7czo4OiJpbnRlbmRlZCI7czoyNzoiaHR0cDovL21lc2kyLnRlc3QvZGFzaGJvYXJkIjt9czo5OiJfcHJldmlvdXMiO2E6MTp7czozOiJ1cmwiO3M6MjM6Imh0dHA6Ly9tZXNpMi50ZXN0L2xvZ2luIjt9czo2OiJfZmxhc2giO2E6Mjp7czozOiJvbGQiO2E6MDp7fXM6MzoibmV3IjthOjA6e319fQ==', 1732242916);
INSERT INTO `sessions` VALUES ('iGGBoPJO4DH0g46XkrQMmYaJmsrmW825KRD4arwu', NULL, '127.0.0.1', 'Mozilla/5.0 (Windows NT 10.0; Win64; x64; rv:133.0) Gecko/20100101 Firefox/133.0', 'YToyOntzOjY6Il90b2tlbiI7czo0MDoiZjNQeFNMNTlJSmloVlJyTTEwNUlVWUlzSXhlVmhSM0tmdWdNM0hxVyI7czo2OiJfZmxhc2giO2E6Mjp7czozOiJvbGQiO2E6MDp7fXM6MzoibmV3IjthOjA6e319fQ==', 1733800781);
INSERT INTO `sessions` VALUES ('Q9E4NVrBKHpfp2UIJD57gy6npcMnMbobpYe7BMdF', NULL, '127.0.0.1', 'Mozilla/5.0 (Windows NT 10.0; Win64; x64; rv:132.0) Gecko/20100101 Firefox/132.0', 'YTo0OntzOjY6Il90b2tlbiI7czo0MDoicFJTUVQ3UzBRV205QlR4djhvdktJWjM2Ykhzb3k5UEVtTFNrU1pTciI7czo5OiJfcHJldmlvdXMiO2E6MTp7czozOiJ1cmwiO3M6Mjc6Imh0dHA6Ly9tZXNpMi50ZXN0L3Blc2FubWVzaSI7fXM6NjoiX2ZsYXNoIjthOjI6e3M6Mzoib2xkIjthOjA6e31zOjM6Im5ldyI7YTowOnt9fXM6MTU6InNlbGVjdGVkQmFsaWhvcyI7TzozOToiSWxsdW1pbmF0ZVxEYXRhYmFzZVxFbG9xdWVudFxDb2xsZWN0aW9uIjoyOntzOjg6IgAqAGl0ZW1zIjthOjEzOntpOjA7TzoxNzoiQXBwXE1vZGVsc1xCYWxpaG8iOjMwOntzOjEzOiIAKgBjb25uZWN0aW9uIjtzOjU6Im15c3FsIjtzOjg6IgAqAHRhYmxlIjtzOjEwOiJ0YmxfYmFsaWhvIjtzOjEzOiIAKgBwcmltYXJ5S2V5IjtzOjI6ImlkIjtzOjEwOiIAKgBrZXlUeXBlIjtzOjY6InN0cmluZyI7czoxMjoiaW5jcmVtZW50aW5nIjtiOjA7czo3OiIAKgB3aXRoIjthOjA6e31zOjEyOiIAKgB3aXRoQ291bnQiO2E6MDp7fXM6MTk6InByZXZlbnRzTGF6eUxvYWRpbmciO2I6MDtzOjEwOiIAKgBwZXJQYWdlIjtpOjE1O3M6NjoiZXhpc3RzIjtiOjE7czoxODoid2FzUmVjZW50bHlDcmVhdGVkIjtiOjA7czoyODoiACoAZXNjYXBlV2hlbkNhc3RpbmdUb1N0cmluZyI7YjowO3M6MTM6IgAqAGF0dHJpYnV0ZXMiO2E6ODp7czoyOiJpZCI7czozNjoiMWY4ZTAwYTktNmNkOC00Y2RjLWE3YTEtMzI5NzllZWQ0MDA3IjtzOjExOiJuYW1hX2JhbGlobyI7czoxMjoiQkFMSUhPIEpVUlVHIjtzOjEzOiJsb2thc2lfYmFsaWhvIjtzOjU6IkpVUlVHIjtzOjExOiJmb3RvX2JhbGlobyI7czoyNjoiZm90b19iYWxpaG8vMTczMTM4ODE4NS5qcGciO3M6MTM6InVrdXJhbl9iYWxpaG8iO3M6NzoiNE0geCA4TSI7czoxMzoibGF5b3V0X2JhbGlobyI7czoxMDoiSG9yaXpvbnRhbCI7czoxMDoiY3JlYXRlZF9hdCI7czoxOToiMjAyNC0xMS0xMiAwNTowOTo0NSI7czoxMDoidXBkYXRlZF9hdCI7czoxOToiMjAyNC0xMS0xMiAwNTowOTo0NSI7fXM6MTE6IgAqAG9yaWdpbmFsIjthOjg6e3M6MjoiaWQiO3M6MzY6IjFmOGUwMGE5LTZjZDgtNGNkYy1hN2ExLTMyOTc5ZWVkNDAwNyI7czoxMToibmFtYV9iYWxpaG8iO3M6MTI6IkJBTElITyBKVVJVRyI7czoxMzoibG9rYXNpX2JhbGlobyI7czo1OiJKVVJVRyI7czoxMToiZm90b19iYWxpaG8iO3M6MjY6ImZvdG9fYmFsaWhvLzE3MzEzODgxODUuanBnIjtzOjEzOiJ1a3VyYW5fYmFsaWhvIjtzOjc6IjRNIHggOE0iO3M6MTM6ImxheW91dF9iYWxpaG8iO3M6MTA6Ikhvcml6b250YWwiO3M6MTA6ImNyZWF0ZWRfYXQiO3M6MTk6IjIwMjQtMTEtMTIgMDU6MDk6NDUiO3M6MTA6InVwZGF0ZWRfYXQiO3M6MTk6IjIwMjQtMTEtMTIgMDU6MDk6NDUiO31zOjEwOiIAKgBjaGFuZ2VzIjthOjA6e31zOjg6IgAqAGNhc3RzIjthOjA6e31zOjE3OiIAKgBjbGFzc0Nhc3RDYWNoZSI7YTowOnt9czoyMToiACoAYXR0cmlidXRlQ2FzdENhY2hlIjthOjA6e31zOjEzOiIAKgBkYXRlRm9ybWF0IjtOO3M6MTA6IgAqAGFwcGVuZHMiO2E6MDp7fXM6MTk6IgAqAGRpc3BhdGNoZXNFdmVudHMiO2E6MDp7fXM6MTQ6IgAqAG9ic2VydmFibGVzIjthOjA6e31zOjEyOiIAKgByZWxhdGlvbnMiO2E6MDp7fXM6MTA6IgAqAHRvdWNoZXMiO2E6MDp7fXM6MTA6InRpbWVzdGFtcHMiO2I6MTtzOjEzOiJ1c2VzVW5pcXVlSWRzIjtiOjA7czo5OiIAKgBoaWRkZW4iO2E6MDp7fXM6MTA6IgAqAHZpc2libGUiO2E6MDp7fXM6MTE6IgAqAGZpbGxhYmxlIjthOjU6e2k6MDtzOjExOiJuYW1hX2JhbGlobyI7aToxO3M6MTM6Imxva2FzaV9iYWxpaG8iO2k6MjtzOjExOiJmb3RvX2JhbGlobyI7aTozO3M6MTM6InVrdXJhbl9iYWxpaG8iO2k6NDtzOjEzOiJsYXlvdXRfYmFsaWhvIjt9czoxMDoiACoAZ3VhcmRlZCI7YToxOntpOjA7czoxOiIqIjt9fWk6MTtPOjE3OiJBcHBcTW9kZWxzXEJhbGlobyI6MzA6e3M6MTM6IgAqAGNvbm5lY3Rpb24iO3M6NToibXlzcWwiO3M6ODoiACoAdGFibGUiO3M6MTA6InRibF9iYWxpaG8iO3M6MTM6IgAqAHByaW1hcnlLZXkiO3M6MjoiaWQiO3M6MTA6IgAqAGtleVR5cGUiO3M6Njoic3RyaW5nIjtzOjEyOiJpbmNyZW1lbnRpbmciO2I6MDtzOjc6IgAqAHdpdGgiO2E6MDp7fXM6MTI6IgAqAHdpdGhDb3VudCI7YTowOnt9czoxOToicHJldmVudHNMYXp5TG9hZGluZyI7YjowO3M6MTA6IgAqAHBlclBhZ2UiO2k6MTU7czo2OiJleGlzdHMiO2I6MTtzOjE4OiJ3YXNSZWNlbnRseUNyZWF0ZWQiO2I6MDtzOjI4OiIAKgBlc2NhcGVXaGVuQ2FzdGluZ1RvU3RyaW5nIjtiOjA7czoxMzoiACoAYXR0cmlidXRlcyI7YTo4OntzOjI6ImlkIjtzOjM2OiIzNWM5YzhiNC1iODM1LTRkYTYtYTk0Zi1kOWVlM2U3YjYzODQiO3M6MTE6Im5hbWFfYmFsaWhvIjtzOjMzOiJCQUxJSE8gREVQQU4gS0VDQU1BVEFOIEJBTkpBUlNBUkkiO3M6MTM6Imxva2FzaV9iYWxpaG8iO3M6MjA6IktFQ0FNQVRBTiBCQU5KQVJTQVJJIjtzOjExOiJmb3RvX2JhbGlobyI7czoyNjoiZm90b19iYWxpaG8vMTczMTM4NTY0Ni5qcGciO3M6MTM6InVrdXJhbl9iYWxpaG8iO3M6NzoiNE0geCA4TSI7czoxMzoibGF5b3V0X2JhbGlobyI7czo4OiJWZXJ0aWthbCI7czoxMDoiY3JlYXRlZF9hdCI7czoxOToiMjAyNC0xMS0xMiAwNDoyNzoyNiI7czoxMDoidXBkYXRlZF9hdCI7czoxOToiMjAyNC0xMS0xMiAwNTowNDoxNSI7fXM6MTE6IgAqAG9yaWdpbmFsIjthOjg6e3M6MjoiaWQiO3M6MzY6IjM1YzljOGI0LWI4MzUtNGRhNi1hOTRmLWQ5ZWUzZTdiNjM4NCI7czoxMToibmFtYV9iYWxpaG8iO3M6MzM6IkJBTElITyBERVBBTiBLRUNBTUFUQU4gQkFOSkFSU0FSSSI7czoxMzoibG9rYXNpX2JhbGlobyI7czoyMDoiS0VDQU1BVEFOIEJBTkpBUlNBUkkiO3M6MTE6ImZvdG9fYmFsaWhvIjtzOjI2OiJmb3RvX2JhbGloby8xNzMxMzg1NjQ2LmpwZyI7czoxMzoidWt1cmFuX2JhbGlobyI7czo3OiI0TSB4IDhNIjtzOjEzOiJsYXlvdXRfYmFsaWhvIjtzOjg6IlZlcnRpa2FsIjtzOjEwOiJjcmVhdGVkX2F0IjtzOjE5OiIyMDI0LTExLTEyIDA0OjI3OjI2IjtzOjEwOiJ1cGRhdGVkX2F0IjtzOjE5OiIyMDI0LTExLTEyIDA1OjA0OjE1Ijt9czoxMDoiACoAY2hhbmdlcyI7YTowOnt9czo4OiIAKgBjYXN0cyI7YTowOnt9czoxNzoiACoAY2xhc3NDYXN0Q2FjaGUiO2E6MDp7fXM6MjE6IgAqAGF0dHJpYnV0ZUNhc3RDYWNoZSI7YTowOnt9czoxMzoiACoAZGF0ZUZvcm1hdCI7TjtzOjEwOiIAKgBhcHBlbmRzIjthOjA6e31zOjE5OiIAKgBkaXNwYXRjaGVzRXZlbnRzIjthOjA6e31zOjE0OiIAKgBvYnNlcnZhYmxlcyI7YTowOnt9czoxMjoiACoAcmVsYXRpb25zIjthOjA6e31zOjEwOiIAKgB0b3VjaGVzIjthOjA6e31zOjEwOiJ0aW1lc3RhbXBzIjtiOjE7czoxMzoidXNlc1VuaXF1ZUlkcyI7YjowO3M6OToiACoAaGlkZGVuIjthOjA6e31zOjEwOiIAKgB2aXNpYmxlIjthOjA6e31zOjExOiIAKgBmaWxsYWJsZSI7YTo1OntpOjA7czoxMToibmFtYV9iYWxpaG8iO2k6MTtzOjEzOiJsb2thc2lfYmFsaWhvIjtpOjI7czoxMToiZm90b19iYWxpaG8iO2k6MztzOjEzOiJ1a3VyYW5fYmFsaWhvIjtpOjQ7czoxMzoibGF5b3V0X2JhbGlobyI7fXM6MTA6IgAqAGd1YXJkZWQiO2E6MTp7aTowO3M6MToiKiI7fX1pOjI7TzoxNzoiQXBwXE1vZGVsc1xCYWxpaG8iOjMwOntzOjEzOiIAKgBjb25uZWN0aW9uIjtzOjU6Im15c3FsIjtzOjg6IgAqAHRhYmxlIjtzOjEwOiJ0YmxfYmFsaWhvIjtzOjEzOiIAKgBwcmltYXJ5S2V5IjtzOjI6ImlkIjtzOjEwOiIAKgBrZXlUeXBlIjtzOjY6InN0cmluZyI7czoxMjoiaW5jcmVtZW50aW5nIjtiOjA7czo3OiIAKgB3aXRoIjthOjA6e31zOjEyOiIAKgB3aXRoQ291bnQiO2E6MDp7fXM6MTk6InByZXZlbnRzTGF6eUxvYWRpbmciO2I6MDtzOjEwOiIAKgBwZXJQYWdlIjtpOjE1O3M6NjoiZXhpc3RzIjtiOjE7czoxODoid2FzUmVjZW50bHlDcmVhdGVkIjtiOjA7czoyODoiACoAZXNjYXBlV2hlbkNhc3RpbmdUb1N0cmluZyI7YjowO3M6MTM6IgAqAGF0dHJpYnV0ZXMiO2E6ODp7czoyOiJpZCI7czozNjoiNTdjZjA4YmYtNTZmMy00OTUzLWEwNzUtODg5NTQ5NWRkZTQ5IjtzOjExOiJuYW1hX2JhbGlobyI7czoxOToiQkFMSUhPIEJFTEFLQU5HIFVOUyI7czoxMzoibG9rYXNpX2JhbGlobyI7czoxODoiS0kgSEFKQVIgREVXQU5UQVJBIjtzOjExOiJmb3RvX2JhbGlobyI7czoyNjoiZm90b19iYWxpaG8vMTczMTM4ODA2My5qcGciO3M6MTM6InVrdXJhbl9iYWxpaG8iO3M6NzoiNE0geCA2TSI7czoxMzoibGF5b3V0X2JhbGlobyI7czo4OiJWZXJ0aWthbCI7czoxMDoiY3JlYXRlZF9hdCI7czoxOToiMjAyNC0xMS0xMiAwNTowNzo0MyI7czoxMDoidXBkYXRlZF9hdCI7czoxOToiMjAyNC0xMS0xMiAwNTowNzo0MyI7fXM6MTE6IgAqAG9yaWdpbmFsIjthOjg6e3M6MjoiaWQiO3M6MzY6IjU3Y2YwOGJmLTU2ZjMtNDk1My1hMDc1LTg4OTU0OTVkZGU0OSI7czoxMToibmFtYV9iYWxpaG8iO3M6MTk6IkJBTElITyBCRUxBS0FORyBVTlMiO3M6MTM6Imxva2FzaV9iYWxpaG8iO3M6MTg6IktJIEhBSkFSIERFV0FOVEFSQSI7czoxMToiZm90b19iYWxpaG8iO3M6MjY6ImZvdG9fYmFsaWhvLzE3MzEzODgwNjMuanBnIjtzOjEzOiJ1a3VyYW5fYmFsaWhvIjtzOjc6IjRNIHggNk0iO3M6MTM6ImxheW91dF9iYWxpaG8iO3M6ODoiVmVydGlrYWwiO3M6MTA6ImNyZWF0ZWRfYXQiO3M6MTk6IjIwMjQtMTEtMTIgMDU6MDc6NDMiO3M6MTA6InVwZGF0ZWRfYXQiO3M6MTk6IjIwMjQtMTEtMTIgMDU6MDc6NDMiO31zOjEwOiIAKgBjaGFuZ2VzIjthOjA6e31zOjg6IgAqAGNhc3RzIjthOjA6e31zOjE3OiIAKgBjbGFzc0Nhc3RDYWNoZSI7YTowOnt9czoyMToiACoAYXR0cmlidXRlQ2FzdENhY2hlIjthOjA6e31zOjEzOiIAKgBkYXRlRm9ybWF0IjtOO3M6MTA6IgAqAGFwcGVuZHMiO2E6MDp7fXM6MTk6IgAqAGRpc3BhdGNoZXNFdmVudHMiO2E6MDp7fXM6MTQ6IgAqAG9ic2VydmFibGVzIjthOjA6e31zOjEyOiIAKgByZWxhdGlvbnMiO2E6MDp7fXM6MTA6IgAqAHRvdWNoZXMiO2E6MDp7fXM6MTA6InRpbWVzdGFtcHMiO2I6MTtzOjEzOiJ1c2VzVW5pcXVlSWRzIjtiOjA7czo5OiIAKgBoaWRkZW4iO2E6MDp7fXM6MTA6IgAqAHZpc2libGUiO2E6MDp7fXM6MTE6IgAqAGZpbGxhYmxlIjthOjU6e2k6MDtzOjExOiJuYW1hX2JhbGlobyI7aToxO3M6MTM6Imxva2FzaV9iYWxpaG8iO2k6MjtzOjExOiJmb3RvX2JhbGlobyI7aTozO3M6MTM6InVrdXJhbl9iYWxpaG8iO2k6NDtzOjEzOiJsYXlvdXRfYmFsaWhvIjt9czoxMDoiACoAZ3VhcmRlZCI7YToxOntpOjA7czoxOiIqIjt9fWk6MztPOjE3OiJBcHBcTW9kZWxzXEJhbGlobyI6MzA6e3M6MTM6IgAqAGNvbm5lY3Rpb24iO3M6NToibXlzcWwiO3M6ODoiACoAdGFibGUiO3M6MTA6InRibF9iYWxpaG8iO3M6MTM6IgAqAHByaW1hcnlLZXkiO3M6MjoiaWQiO3M6MTA6IgAqAGtleVR5cGUiO3M6Njoic3RyaW5nIjtzOjEyOiJpbmNyZW1lbnRpbmciO2I6MDtzOjc6IgAqAHdpdGgiO2E6MDp7fXM6MTI6IgAqAHdpdGhDb3VudCI7YTowOnt9czoxOToicHJldmVudHNMYXp5TG9hZGluZyI7YjowO3M6MTA6IgAqAHBlclBhZ2UiO2k6MTU7czo2OiJleGlzdHMiO2I6MTtzOjE4OiJ3YXNSZWNlbnRseUNyZWF0ZWQiO2I6MDtzOjI4OiIAKgBlc2NhcGVXaGVuQ2FzdGluZ1RvU3RyaW5nIjtiOjA7czoxMzoiACoAYXR0cmlidXRlcyI7YTo4OntzOjI6ImlkIjtzOjM2OiI2YTMwYzg2NC0xN2VjLTQ4MzktOTE1Zi1hYzk4YWY2Yjk1OTYiO3M6MTE6Im5hbWFfYmFsaWhvIjtzOjExOiJCQUxJSE8gUERBTSI7czoxMzoibG9rYXNpX2JhbGlobyI7czo0OiJQREFNIjtzOjExOiJmb3RvX2JhbGlobyI7czoyNjoiZm90b19iYWxpaG8vMTczMTM4NzkzNC5qcGciO3M6MTM6InVrdXJhbl9iYWxpaG8iO3M6NzoiNE0geCA4TSI7czoxMzoibGF5b3V0X2JhbGlobyI7czoxMDoiSG9yaXpvbnRhbCI7czoxMDoiY3JlYXRlZF9hdCI7czoxOToiMjAyNC0xMS0xMiAwNTowNTozNCI7czoxMDoidXBkYXRlZF9hdCI7czoxOToiMjAyNC0xMS0xMiAwNTowNTozNCI7fXM6MTE6IgAqAG9yaWdpbmFsIjthOjg6e3M6MjoiaWQiO3M6MzY6IjZhMzBjODY0LTE3ZWMtNDgzOS05MTVmLWFjOThhZjZiOTU5NiI7czoxMToibmFtYV9iYWxpaG8iO3M6MTE6IkJBTElITyBQREFNIjtzOjEzOiJsb2thc2lfYmFsaWhvIjtzOjQ6IlBEQU0iO3M6MTE6ImZvdG9fYmFsaWhvIjtzOjI2OiJmb3RvX2JhbGloby8xNzMxMzg3OTM0LmpwZyI7czoxMzoidWt1cmFuX2JhbGlobyI7czo3OiI0TSB4IDhNIjtzOjEzOiJsYXlvdXRfYmFsaWhvIjtzOjEwOiJIb3Jpem9udGFsIjtzOjEwOiJjcmVhdGVkX2F0IjtzOjE5OiIyMDI0LTExLTEyIDA1OjA1OjM0IjtzOjEwOiJ1cGRhdGVkX2F0IjtzOjE5OiIyMDI0LTExLTEyIDA1OjA1OjM0Ijt9czoxMDoiACoAY2hhbmdlcyI7YTowOnt9czo4OiIAKgBjYXN0cyI7YTowOnt9czoxNzoiACoAY2xhc3NDYXN0Q2FjaGUiO2E6MDp7fXM6MjE6IgAqAGF0dHJpYnV0ZUNhc3RDYWNoZSI7YTowOnt9czoxMzoiACoAZGF0ZUZvcm1hdCI7TjtzOjEwOiIAKgBhcHBlbmRzIjthOjA6e31zOjE5OiIAKgBkaXNwYXRjaGVzRXZlbnRzIjthOjA6e31zOjE0OiIAKgBvYnNlcnZhYmxlcyI7YTowOnt9czoxMjoiACoAcmVsYXRpb25zIjthOjA6e31zOjEwOiIAKgB0b3VjaGVzIjthOjA6e31zOjEwOiJ0aW1lc3RhbXBzIjtiOjE7czoxMzoidXNlc1VuaXF1ZUlkcyI7YjowO3M6OToiACoAaGlkZGVuIjthOjA6e31zOjEwOiIAKgB2aXNpYmxlIjthOjA6e31zOjExOiIAKgBmaWxsYWJsZSI7YTo1OntpOjA7czoxMToibmFtYV9iYWxpaG8iO2k6MTtzOjEzOiJsb2thc2lfYmFsaWhvIjtpOjI7czoxMToiZm90b19iYWxpaG8iO2k6MztzOjEzOiJ1a3VyYW5fYmFsaWhvIjtpOjQ7czoxMzoibGF5b3V0X2JhbGlobyI7fXM6MTA6IgAqAGd1YXJkZWQiO2E6MTp7aTowO3M6MToiKiI7fX1pOjQ7TzoxNzoiQXBwXE1vZGVsc1xCYWxpaG8iOjMwOntzOjEzOiIAKgBjb25uZWN0aW9uIjtzOjU6Im15c3FsIjtzOjg6IgAqAHRhYmxlIjtzOjEwOiJ0YmxfYmFsaWhvIjtzOjEzOiIAKgBwcmltYXJ5S2V5IjtzOjI6ImlkIjtzOjEwOiIAKgBrZXlUeXBlIjtzOjY6InN0cmluZyI7czoxMjoiaW5jcmVtZW50aW5nIjtiOjA7czo3OiIAKgB3aXRoIjthOjA6e31zOjEyOiIAKgB3aXRoQ291bnQiO2E6MDp7fXM6MTk6InByZXZlbnRzTGF6eUxvYWRpbmciO2I6MDtzOjEwOiIAKgBwZXJQYWdlIjtpOjE1O3M6NjoiZXhpc3RzIjtiOjE7czoxODoid2FzUmVjZW50bHlDcmVhdGVkIjtiOjA7czoyODoiACoAZXNjYXBlV2hlbkNhc3RpbmdUb1N0cmluZyI7YjowO3M6MTM6IgAqAGF0dHJpYnV0ZXMiO2E6ODp7czoyOiJpZCI7czozNjoiNmYxYjVmODUtYmI4OS00NzZiLWIyZWQtZjIwYzY3NWQzMDk2IjtzOjExOiJuYW1hX2JhbGlobyI7czoxNzoiQkFMSUhPIEJBTkpBUlNBUkkiO3M6MTM6Imxva2FzaV9iYWxpaG8iO3M6MzQ6IlNJTVBBTkcgTElNQSBCQU5KQVJTQVJJIE1PTkdJTlNJREkiO3M6MTE6ImZvdG9fYmFsaWhvIjtzOjI2OiJmb3RvX2JhbGloby8xNzMxMzg3OTk5LmpwZyI7czoxMzoidWt1cmFuX2JhbGlobyI7czo3OiI0TSB4IDZNIjtzOjEzOiJsYXlvdXRfYmFsaWhvIjtzOjg6IlZlcnRpa2FsIjtzOjEwOiJjcmVhdGVkX2F0IjtzOjE5OiIyMDI0LTExLTEyIDA1OjA2OjM5IjtzOjEwOiJ1cGRhdGVkX2F0IjtzOjE5OiIyMDI0LTExLTEyIDA1OjA2OjM5Ijt9czoxMToiACoAb3JpZ2luYWwiO2E6ODp7czoyOiJpZCI7czozNjoiNmYxYjVmODUtYmI4OS00NzZiLWIyZWQtZjIwYzY3NWQzMDk2IjtzOjExOiJuYW1hX2JhbGlobyI7czoxNzoiQkFMSUhPIEJBTkpBUlNBUkkiO3M6MTM6Imxva2FzaV9iYWxpaG8iO3M6MzQ6IlNJTVBBTkcgTElNQSBCQU5KQVJTQVJJIE1PTkdJTlNJREkiO3M6MTE6ImZvdG9fYmFsaWhvIjtzOjI2OiJmb3RvX2JhbGloby8xNzMxMzg3OTk5LmpwZyI7czoxMzoidWt1cmFuX2JhbGlobyI7czo3OiI0TSB4IDZNIjtzOjEzOiJsYXlvdXRfYmFsaWhvIjtzOjg6IlZlcnRpa2FsIjtzOjEwOiJjcmVhdGVkX2F0IjtzOjE5OiIyMDI0LTExLTEyIDA1OjA2OjM5IjtzOjEwOiJ1cGRhdGVkX2F0IjtzOjE5OiIyMDI0LTExLTEyIDA1OjA2OjM5Ijt9czoxMDoiACoAY2hhbmdlcyI7YTowOnt9czo4OiIAKgBjYXN0cyI7YTowOnt9czoxNzoiACoAY2xhc3NDYXN0Q2FjaGUiO2E6MDp7fXM6MjE6IgAqAGF0dHJpYnV0ZUNhc3RDYWNoZSI7YTowOnt9czoxMzoiACoAZGF0ZUZvcm1hdCI7TjtzOjEwOiIAKgBhcHBlbmRzIjthOjA6e31zOjE5OiIAKgBkaXNwYXRjaGVzRXZlbnRzIjthOjA6e31zOjE0OiIAKgBvYnNlcnZhYmxlcyI7YTowOnt9czoxMjoiACoAcmVsYXRpb25zIjthOjA6e31zOjEwOiIAKgB0b3VjaGVzIjthOjA6e31zOjEwOiJ0aW1lc3RhbXBzIjtiOjE7czoxMzoidXNlc1VuaXF1ZUlkcyI7YjowO3M6OToiACoAaGlkZGVuIjthOjA6e31zOjEwOiIAKgB2aXNpYmxlIjthOjA6e31zOjExOiIAKgBmaWxsYWJsZSI7YTo1OntpOjA7czoxMToibmFtYV9iYWxpaG8iO2k6MTtzOjEzOiJsb2thc2lfYmFsaWhvIjtpOjI7czoxMToiZm90b19iYWxpaG8iO2k6MztzOjEzOiJ1a3VyYW5fYmFsaWhvIjtpOjQ7czoxMzoibGF5b3V0X2JhbGlobyI7fXM6MTA6IgAqAGd1YXJkZWQiO2E6MTp7aTowO3M6MToiKiI7fX1pOjU7TzoxNzoiQXBwXE1vZGVsc1xCYWxpaG8iOjMwOntzOjEzOiIAKgBjb25uZWN0aW9uIjtzOjU6Im15c3FsIjtzOjg6IgAqAHRhYmxlIjtzOjEwOiJ0YmxfYmFsaWhvIjtzOjEzOiIAKgBwcmltYXJ5S2V5IjtzOjI6ImlkIjtzOjEwOiIAKgBrZXlUeXBlIjtzOjY6InN0cmluZyI7czoxMjoiaW5jcmVtZW50aW5nIjtiOjA7czo3OiIAKgB3aXRoIjthOjA6e31zOjEyOiIAKgB3aXRoQ291bnQiO2E6MDp7fXM6MTk6InByZXZlbnRzTGF6eUxvYWRpbmciO2I6MDtzOjEwOiIAKgBwZXJQYWdlIjtpOjE1O3M6NjoiZXhpc3RzIjtiOjE7czoxODoid2FzUmVjZW50bHlDcmVhdGVkIjtiOjA7czoyODoiACoAZXNjYXBlV2hlbkNhc3RpbmdUb1N0cmluZyI7YjowO3M6MTM6IgAqAGF0dHJpYnV0ZXMiO2E6ODp7czoyOiJpZCI7czozNjoiN2MyN2I4NmQtMmRjYS00NTA5LWE4ZDAtOTllNDFkMTlhNjExIjtzOjExOiJuYW1hX2JhbGlobyI7czoxODoiQkFMSUhPIFRBTkpVTkdBTk9NIjtzOjEzOiJsb2thc2lfYmFsaWhvIjtzOjEyOiJUQU5KVU5HIEFOT00iO3M6MTE6ImZvdG9fYmFsaWhvIjtzOjI2OiJmb3RvX2JhbGloby8xNzMxMzg3Nzc1LmpwZyI7czoxMzoidWt1cmFuX2JhbGlobyI7czo3OiI0TSB4IDZNIjtzOjEzOiJsYXlvdXRfYmFsaWhvIjtzOjg6IlZlcnRpa2FsIjtzOjEwOiJjcmVhdGVkX2F0IjtzOjE5OiIyMDI0LTExLTEyIDA1OjAyOjU1IjtzOjEwOiJ1cGRhdGVkX2F0IjtzOjE5OiIyMDI0LTExLTEyIDA1OjAyOjU1Ijt9czoxMToiACoAb3JpZ2luYWwiO2E6ODp7czoyOiJpZCI7czozNjoiN2MyN2I4NmQtMmRjYS00NTA5LWE4ZDAtOTllNDFkMTlhNjExIjtzOjExOiJuYW1hX2JhbGlobyI7czoxODoiQkFMSUhPIFRBTkpVTkdBTk9NIjtzOjEzOiJsb2thc2lfYmFsaWhvIjtzOjEyOiJUQU5KVU5HIEFOT00iO3M6MTE6ImZvdG9fYmFsaWhvIjtzOjI2OiJmb3RvX2JhbGloby8xNzMxMzg3Nzc1LmpwZyI7czoxMzoidWt1cmFuX2JhbGlobyI7czo3OiI0TSB4IDZNIjtzOjEzOiJsYXlvdXRfYmFsaWhvIjtzOjg6IlZlcnRpa2FsIjtzOjEwOiJjcmVhdGVkX2F0IjtzOjE5OiIyMDI0LTExLTEyIDA1OjAyOjU1IjtzOjEwOiJ1cGRhdGVkX2F0IjtzOjE5OiIyMDI0LTExLTEyIDA1OjAyOjU1Ijt9czoxMDoiACoAY2hhbmdlcyI7YTowOnt9czo4OiIAKgBjYXN0cyI7YTowOnt9czoxNzoiACoAY2xhc3NDYXN0Q2FjaGUiO2E6MDp7fXM6MjE6IgAqAGF0dHJpYnV0ZUNhc3RDYWNoZSI7YTowOnt9czoxMzoiACoAZGF0ZUZvcm1hdCI7TjtzOjEwOiIAKgBhcHBlbmRzIjthOjA6e31zOjE5OiIAKgBkaXNwYXRjaGVzRXZlbnRzIjthOjA6e31zOjE0OiIAKgBvYnNlcnZhYmxlcyI7YTowOnt9czoxMjoiACoAcmVsYXRpb25zIjthOjA6e31zOjEwOiIAKgB0b3VjaGVzIjthOjA6e31zOjEwOiJ0aW1lc3RhbXBzIjtiOjE7czoxMzoidXNlc1VuaXF1ZUlkcyI7YjowO3M6OToiACoAaGlkZGVuIjthOjA6e31zOjEwOiIAKgB2aXNpYmxlIjthOjA6e31zOjExOiIAKgBmaWxsYWJsZSI7YTo1OntpOjA7czoxMToibmFtYV9iYWxpaG8iO2k6MTtzOjEzOiJsb2thc2lfYmFsaWhvIjtpOjI7czoxMToiZm90b19iYWxpaG8iO2k6MztzOjEzOiJ1a3VyYW5fYmFsaWhvIjtpOjQ7czoxMzoibGF5b3V0X2JhbGlobyI7fXM6MTA6IgAqAGd1YXJkZWQiO2E6MTp7aTowO3M6MToiKiI7fX1pOjY7TzoxNzoiQXBwXE1vZGVsc1xCYWxpaG8iOjMwOntzOjEzOiIAKgBjb25uZWN0aW9uIjtzOjU6Im15c3FsIjtzOjg6IgAqAHRhYmxlIjtzOjEwOiJ0YmxfYmFsaWhvIjtzOjEzOiIAKgBwcmltYXJ5S2V5IjtzOjI6ImlkIjtzOjEwOiIAKgBrZXlUeXBlIjtzOjY6InN0cmluZyI7czoxMjoiaW5jcmVtZW50aW5nIjtiOjA7czo3OiIAKgB3aXRoIjthOjA6e31zOjEyOiIAKgB3aXRoQ291bnQiO2E6MDp7fXM6MTk6InByZXZlbnRzTGF6eUxvYWRpbmciO2I6MDtzOjEwOiIAKgBwZXJQYWdlIjtpOjE1O3M6NjoiZXhpc3RzIjtiOjE7czoxODoid2FzUmVjZW50bHlDcmVhdGVkIjtiOjA7czoyODoiACoAZXNjYXBlV2hlbkNhc3RpbmdUb1N0cmluZyI7YjowO3M6MTM6IgAqAGF0dHJpYnV0ZXMiO2E6ODp7czoyOiJpZCI7czozNjoiODk0ODQ0YzQtZDQ0Ny00YmNlLTgwNGMtNDU2YTE3MDRiMGI5IjtzOjExOiJuYW1hX2JhbGlobyI7czoxNToiQkFMSUhPIFNFUkVOR0FOIjtzOjEzOiJsb2thc2lfYmFsaWhvIjtzOjE4OiJLRUNBTUFUQU4gU0VSRU5HQU4iO3M6MTE6ImZvdG9fYmFsaWhvIjtzOjI2OiJmb3RvX2JhbGloby8xNzMxMzg4MzE1LmpwZyI7czoxMzoidWt1cmFuX2JhbGlobyI7czo3OiIzTSB4IDRNIjtzOjEzOiJsYXlvdXRfYmFsaWhvIjtzOjg6IlZlcnRpa2FsIjtzOjEwOiJjcmVhdGVkX2F0IjtzOjE5OiIyMDI0LTExLTEyIDA1OjExOjU1IjtzOjEwOiJ1cGRhdGVkX2F0IjtzOjE5OiIyMDI0LTExLTEyIDA1OjExOjU1Ijt9czoxMToiACoAb3JpZ2luYWwiO2E6ODp7czoyOiJpZCI7czozNjoiODk0ODQ0YzQtZDQ0Ny00YmNlLTgwNGMtNDU2YTE3MDRiMGI5IjtzOjExOiJuYW1hX2JhbGlobyI7czoxNToiQkFMSUhPIFNFUkVOR0FOIjtzOjEzOiJsb2thc2lfYmFsaWhvIjtzOjE4OiJLRUNBTUFUQU4gU0VSRU5HQU4iO3M6MTE6ImZvdG9fYmFsaWhvIjtzOjI2OiJmb3RvX2JhbGloby8xNzMxMzg4MzE1LmpwZyI7czoxMzoidWt1cmFuX2JhbGlobyI7czo3OiIzTSB4IDRNIjtzOjEzOiJsYXlvdXRfYmFsaWhvIjtzOjg6IlZlcnRpa2FsIjtzOjEwOiJjcmVhdGVkX2F0IjtzOjE5OiIyMDI0LTExLTEyIDA1OjExOjU1IjtzOjEwOiJ1cGRhdGVkX2F0IjtzOjE5OiIyMDI0LTExLTEyIDA1OjExOjU1Ijt9czoxMDoiACoAY2hhbmdlcyI7YTowOnt9czo4OiIAKgBjYXN0cyI7YTowOnt9czoxNzoiACoAY2xhc3NDYXN0Q2FjaGUiO2E6MDp7fXM6MjE6IgAqAGF0dHJpYnV0ZUNhc3RDYWNoZSI7YTowOnt9czoxMzoiACoAZGF0ZUZvcm1hdCI7TjtzOjEwOiIAKgBhcHBlbmRzIjthOjA6e31zOjE5OiIAKgBkaXNwYXRjaGVzRXZlbnRzIjthOjA6e31zOjE0OiIAKgBvYnNlcnZhYmxlcyI7YTowOnt9czoxMjoiACoAcmVsYXRpb25zIjthOjA6e31zOjEwOiIAKgB0b3VjaGVzIjthOjA6e31zOjEwOiJ0aW1lc3RhbXBzIjtiOjE7czoxMzoidXNlc1VuaXF1ZUlkcyI7YjowO3M6OToiACoAaGlkZGVuIjthOjA6e31zOjEwOiIAKgB2aXNpYmxlIjthOjA6e31zOjExOiIAKgBmaWxsYWJsZSI7YTo1OntpOjA7czoxMToibmFtYV9iYWxpaG8iO2k6MTtzOjEzOiJsb2thc2lfYmFsaWhvIjtpOjI7czoxMToiZm90b19iYWxpaG8iO2k6MztzOjEzOiJ1a3VyYW5fYmFsaWhvIjtpOjQ7czoxMzoibGF5b3V0X2JhbGlobyI7fXM6MTA6IgAqAGd1YXJkZWQiO2E6MTp7aTowO3M6MToiKiI7fX1pOjc7TzoxNzoiQXBwXE1vZGVsc1xCYWxpaG8iOjMwOntzOjEzOiIAKgBjb25uZWN0aW9uIjtzOjU6Im15c3FsIjtzOjg6IgAqAHRhYmxlIjtzOjEwOiJ0YmxfYmFsaWhvIjtzOjEzOiIAKgBwcmltYXJ5S2V5IjtzOjI6ImlkIjtzOjEwOiIAKgBrZXlUeXBlIjtzOjY6InN0cmluZyI7czoxMjoiaW5jcmVtZW50aW5nIjtiOjA7czo3OiIAKgB3aXRoIjthOjA6e31zOjEyOiIAKgB3aXRoQ291bnQiO2E6MDp7fXM6MTk6InByZXZlbnRzTGF6eUxvYWRpbmciO2I6MDtzOjEwOiIAKgBwZXJQYWdlIjtpOjE1O3M6NjoiZXhpc3RzIjtiOjE7czoxODoid2FzUmVjZW50bHlDcmVhdGVkIjtiOjA7czoyODoiACoAZXNjYXBlV2hlbkNhc3RpbmdUb1N0cmluZyI7YjowO3M6MTM6IgAqAGF0dHJpYnV0ZXMiO2E6ODp7czoyOiJpZCI7czozNjoiOTEwNTMyOTMtOGNiOS00NGMzLWJkY2UtOGU2OWY5ZTQxMDViIjtzOjExOiJuYW1hX2JhbGlobyI7czoxMzoiQkFMSUhPIFNVTUJFUiI7czoxMzoibG9rYXNpX2JhbGlobyI7czo2OiJTVU1CRVIiO3M6MTE6ImZvdG9fYmFsaWhvIjtzOjI2OiJmb3RvX2JhbGloby8xNzMxMzg4MzM3LmpwZyI7czoxMzoidWt1cmFuX2JhbGlobyI7czo3OiI0TSB4IDZNIjtzOjEzOiJsYXlvdXRfYmFsaWhvIjtzOjg6IlZlcnRpa2FsIjtzOjEwOiJjcmVhdGVkX2F0IjtzOjE5OiIyMDI0LTExLTEyIDA1OjEyOjE3IjtzOjEwOiJ1cGRhdGVkX2F0IjtzOjE5OiIyMDI0LTExLTEyIDA1OjEyOjE3Ijt9czoxMToiACoAb3JpZ2luYWwiO2E6ODp7czoyOiJpZCI7czozNjoiOTEwNTMyOTMtOGNiOS00NGMzLWJkY2UtOGU2OWY5ZTQxMDViIjtzOjExOiJuYW1hX2JhbGlobyI7czoxMzoiQkFMSUhPIFNVTUJFUiI7czoxMzoibG9rYXNpX2JhbGlobyI7czo2OiJTVU1CRVIiO3M6MTE6ImZvdG9fYmFsaWhvIjtzOjI2OiJmb3RvX2JhbGloby8xNzMxMzg4MzM3LmpwZyI7czoxMzoidWt1cmFuX2JhbGlobyI7czo3OiI0TSB4IDZNIjtzOjEzOiJsYXlvdXRfYmFsaWhvIjtzOjg6IlZlcnRpa2FsIjtzOjEwOiJjcmVhdGVkX2F0IjtzOjE5OiIyMDI0LTExLTEyIDA1OjEyOjE3IjtzOjEwOiJ1cGRhdGVkX2F0IjtzOjE5OiIyMDI0LTExLTEyIDA1OjEyOjE3Ijt9czoxMDoiACoAY2hhbmdlcyI7YTowOnt9czo4OiIAKgBjYXN0cyI7YTowOnt9czoxNzoiACoAY2xhc3NDYXN0Q2FjaGUiO2E6MDp7fXM6MjE6IgAqAGF0dHJpYnV0ZUNhc3RDYWNoZSI7YTowOnt9czoxMzoiACoAZGF0ZUZvcm1hdCI7TjtzOjEwOiIAKgBhcHBlbmRzIjthOjA6e31zOjE5OiIAKgBkaXNwYXRjaGVzRXZlbnRzIjthOjA6e31zOjE0OiIAKgBvYnNlcnZhYmxlcyI7YTowOnt9czoxMjoiACoAcmVsYXRpb25zIjthOjA6e31zOjEwOiIAKgB0b3VjaGVzIjthOjA6e31zOjEwOiJ0aW1lc3RhbXBzIjtiOjE7czoxMzoidXNlc1VuaXF1ZUlkcyI7YjowO3M6OToiACoAaGlkZGVuIjthOjA6e31zOjEwOiIAKgB2aXNpYmxlIjthOjA6e31zOjExOiIAKgBmaWxsYWJsZSI7YTo1OntpOjA7czoxMToibmFtYV9iYWxpaG8iO2k6MTtzOjEzOiJsb2thc2lfYmFsaWhvIjtpOjI7czoxMToiZm90b19iYWxpaG8iO2k6MztzOjEzOiJ1a3VyYW5fYmFsaWhvIjtpOjQ7czoxMzoibGF5b3V0X2JhbGlobyI7fXM6MTA6IgAqAGd1YXJkZWQiO2E6MTp7aTowO3M6MToiKiI7fX1pOjg7TzoxNzoiQXBwXE1vZGVsc1xCYWxpaG8iOjMwOntzOjEzOiIAKgBjb25uZWN0aW9uIjtzOjU6Im15c3FsIjtzOjg6IgAqAHRhYmxlIjtzOjEwOiJ0YmxfYmFsaWhvIjtzOjEzOiIAKgBwcmltYXJ5S2V5IjtzOjI6ImlkIjtzOjEwOiIAKgBrZXlUeXBlIjtzOjY6InN0cmluZyI7czoxMjoiaW5jcmVtZW50aW5nIjtiOjA7czo3OiIAKgB3aXRoIjthOjA6e31zOjEyOiIAKgB3aXRoQ291bnQiO2E6MDp7fXM6MTk6InByZXZlbnRzTGF6eUxvYWRpbmciO2I6MDtzOjEwOiIAKgBwZXJQYWdlIjtpOjE1O3M6NjoiZXhpc3RzIjtiOjE7czoxODoid2FzUmVjZW50bHlDcmVhdGVkIjtiOjA7czoyODoiACoAZXNjYXBlV2hlbkNhc3RpbmdUb1N0cmluZyI7YjowO3M6MTM6IgAqAGF0dHJpYnV0ZXMiO2E6ODp7czoyOiJpZCI7czozNjoiYWFjZWJkMWYtYjBkMC00ZjU4LWFlNmEtNmYyNGI2ZWM0MjQ4IjtzOjExOiJuYW1hX2JhbGlobyI7czoxOToiQkFMSUhPIFBBU0FSIEpPTkdLRSI7czoxMzoibG9rYXNpX2JhbGlobyI7czoxODoiREVQQU4gUEFTQVIgSk9OR0tFIjtzOjExOiJmb3RvX2JhbGlobyI7czoyNjoiZm90b19iYWxpaG8vMTczMTM4ODExNi5qcGciO3M6MTM6InVrdXJhbl9iYWxpaG8iO3M6NzoiNE0geCA4TSI7czoxMzoibGF5b3V0X2JhbGlobyI7czo4OiJWZXJ0aWthbCI7czoxMDoiY3JlYXRlZF9hdCI7czoxOToiMjAyNC0xMS0xMiAwNTowODozNyI7czoxMDoidXBkYXRlZF9hdCI7czoxOToiMjAyNC0xMS0xMiAwNTowODozNyI7fXM6MTE6IgAqAG9yaWdpbmFsIjthOjg6e3M6MjoiaWQiO3M6MzY6ImFhY2ViZDFmLWIwZDAtNGY1OC1hZTZhLTZmMjRiNmVjNDI0OCI7czoxMToibmFtYV9iYWxpaG8iO3M6MTk6IkJBTElITyBQQVNBUiBKT05HS0UiO3M6MTM6Imxva2FzaV9iYWxpaG8iO3M6MTg6IkRFUEFOIFBBU0FSIEpPTkdLRSI7czoxMToiZm90b19iYWxpaG8iO3M6MjY6ImZvdG9fYmFsaWhvLzE3MzEzODgxMTYuanBnIjtzOjEzOiJ1a3VyYW5fYmFsaWhvIjtzOjc6IjRNIHggOE0iO3M6MTM6ImxheW91dF9iYWxpaG8iO3M6ODoiVmVydGlrYWwiO3M6MTA6ImNyZWF0ZWRfYXQiO3M6MTk6IjIwMjQtMTEtMTIgMDU6MDg6MzciO3M6MTA6InVwZGF0ZWRfYXQiO3M6MTk6IjIwMjQtMTEtMTIgMDU6MDg6MzciO31zOjEwOiIAKgBjaGFuZ2VzIjthOjA6e31zOjg6IgAqAGNhc3RzIjthOjA6e31zOjE3OiIAKgBjbGFzc0Nhc3RDYWNoZSI7YTowOnt9czoyMToiACoAYXR0cmlidXRlQ2FzdENhY2hlIjthOjA6e31zOjEzOiIAKgBkYXRlRm9ybWF0IjtOO3M6MTA6IgAqAGFwcGVuZHMiO2E6MDp7fXM6MTk6IgAqAGRpc3BhdGNoZXNFdmVudHMiO2E6MDp7fXM6MTQ6IgAqAG9ic2VydmFibGVzIjthOjA6e31zOjEyOiIAKgByZWxhdGlvbnMiO2E6MDp7fXM6MTA6IgAqAHRvdWNoZXMiO2E6MDp7fXM6MTA6InRpbWVzdGFtcHMiO2I6MTtzOjEzOiJ1c2VzVW5pcXVlSWRzIjtiOjA7czo5OiIAKgBoaWRkZW4iO2E6MDp7fXM6MTA6IgAqAHZpc2libGUiO2E6MDp7fXM6MTE6IgAqAGZpbGxhYmxlIjthOjU6e2k6MDtzOjExOiJuYW1hX2JhbGlobyI7aToxO3M6MTM6Imxva2FzaV9iYWxpaG8iO2k6MjtzOjExOiJmb3RvX2JhbGlobyI7aTozO3M6MTM6InVrdXJhbl9iYWxpaG8iO2k6NDtzOjEzOiJsYXlvdXRfYmFsaWhvIjt9czoxMDoiACoAZ3VhcmRlZCI7YToxOntpOjA7czoxOiIqIjt9fWk6OTtPOjE3OiJBcHBcTW9kZWxzXEJhbGlobyI6MzA6e3M6MTM6IgAqAGNvbm5lY3Rpb24iO3M6NToibXlzcWwiO3M6ODoiACoAdGFibGUiO3M6MTA6InRibF9iYWxpaG8iO3M6MTM6IgAqAHByaW1hcnlLZXkiO3M6MjoiaWQiO3M6MTA6IgAqAGtleVR5cGUiO3M6Njoic3RyaW5nIjtzOjEyOiJpbmNyZW1lbnRpbmciO2I6MDtzOjc6IgAqAHdpdGgiO2E6MDp7fXM6MTI6IgAqAHdpdGhDb3VudCI7YTowOnt9czoxOToicHJldmVudHNMYXp5TG9hZGluZyI7YjowO3M6MTA6IgAqAHBlclBhZ2UiO2k6MTU7czo2OiJleGlzdHMiO2I6MTtzOjE4OiJ3YXNSZWNlbnRseUNyZWF0ZWQiO2I6MDtzOjI4OiIAKgBlc2NhcGVXaGVuQ2FzdGluZ1RvU3RyaW5nIjtiOjA7czoxMzoiACoAYXR0cmlidXRlcyI7YTo4OntzOjI6ImlkIjtzOjM2OiJkODM2Y2JkMC0wMDdlLTRkZjctODFiZi05MTk2YTllMDNkNzgiO3M6MTE6Im5hbWFfYmFsaWhvIjtzOjE3OiJCQUxJSE8gVFVHVSBMSUxJTiI7czoxMzoibG9rYXNpX2JhbGlobyI7czoyMDoiVFVHVSBMSUxJTiBTTUEgTVVSTkkiO3M6MTE6ImZvdG9fYmFsaWhvIjtzOjI2OiJmb3RvX2JhbGloby8xNzMxMzg3ODM3LmpwZyI7czoxMzoidWt1cmFuX2JhbGlobyI7czo3OiI0TSB4IDZNIjtzOjEzOiJsYXlvdXRfYmFsaWhvIjtzOjg6IlZlcnRpa2FsIjtzOjEwOiJjcmVhdGVkX2F0IjtzOjE5OiIyMDI0LTExLTEyIDA1OjAzOjU4IjtzOjEwOiJ1cGRhdGVkX2F0IjtzOjE5OiIyMDI0LTExLTEyIDA1OjAzOjU4Ijt9czoxMToiACoAb3JpZ2luYWwiO2E6ODp7czoyOiJpZCI7czozNjoiZDgzNmNiZDAtMDA3ZS00ZGY3LTgxYmYtOTE5NmE5ZTAzZDc4IjtzOjExOiJuYW1hX2JhbGlobyI7czoxNzoiQkFMSUhPIFRVR1UgTElMSU4iO3M6MTM6Imxva2FzaV9iYWxpaG8iO3M6MjA6IlRVR1UgTElMSU4gU01BIE1VUk5JIjtzOjExOiJmb3RvX2JhbGlobyI7czoyNjoiZm90b19iYWxpaG8vMTczMTM4NzgzNy5qcGciO3M6MTM6InVrdXJhbl9iYWxpaG8iO3M6NzoiNE0geCA2TSI7czoxMzoibGF5b3V0X2JhbGlobyI7czo4OiJWZXJ0aWthbCI7czoxMDoiY3JlYXRlZF9hdCI7czoxOToiMjAyNC0xMS0xMiAwNTowMzo1OCI7czoxMDoidXBkYXRlZF9hdCI7czoxOToiMjAyNC0xMS0xMiAwNTowMzo1OCI7fXM6MTA6IgAqAGNoYW5nZXMiO2E6MDp7fXM6ODoiACoAY2FzdHMiO2E6MDp7fXM6MTc6IgAqAGNsYXNzQ2FzdENhY2hlIjthOjA6e31zOjIxOiIAKgBhdHRyaWJ1dGVDYXN0Q2FjaGUiO2E6MDp7fXM6MTM6IgAqAGRhdGVGb3JtYXQiO047czoxMDoiACoAYXBwZW5kcyI7YTowOnt9czoxOToiACoAZGlzcGF0Y2hlc0V2ZW50cyI7YTowOnt9czoxNDoiACoAb2JzZXJ2YWJsZXMiO2E6MDp7fXM6MTI6IgAqAHJlbGF0aW9ucyI7YTowOnt9czoxMDoiACoAdG91Y2hlcyI7YTowOnt9czoxMDoidGltZXN0YW1wcyI7YjoxO3M6MTM6InVzZXNVbmlxdWVJZHMiO2I6MDtzOjk6IgAqAGhpZGRlbiI7YTowOnt9czoxMDoiACoAdmlzaWJsZSI7YTowOnt9czoxMToiACoAZmlsbGFibGUiO2E6NTp7aTowO3M6MTE6Im5hbWFfYmFsaWhvIjtpOjE7czoxMzoibG9rYXNpX2JhbGlobyI7aToyO3M6MTE6ImZvdG9fYmFsaWhvIjtpOjM7czoxMzoidWt1cmFuX2JhbGlobyI7aTo0O3M6MTM6ImxheW91dF9iYWxpaG8iO31zOjEwOiIAKgBndWFyZGVkIjthOjE6e2k6MDtzOjE6IioiO319aToxMDtPOjE3OiJBcHBcTW9kZWxzXEJhbGlobyI6MzA6e3M6MTM6IgAqAGNvbm5lY3Rpb24iO3M6NToibXlzcWwiO3M6ODoiACoAdGFibGUiO3M6MTA6InRibF9iYWxpaG8iO3M6MTM6IgAqAHByaW1hcnlLZXkiO3M6MjoiaWQiO3M6MTA6IgAqAGtleVR5cGUiO3M6Njoic3RyaW5nIjtzOjEyOiJpbmNyZW1lbnRpbmciO2I6MDtzOjc6IgAqAHdpdGgiO2E6MDp7fXM6MTI6IgAqAHdpdGhDb3VudCI7YTowOnt9czoxOToicHJldmVudHNMYXp5TG9hZGluZyI7YjowO3M6MTA6IgAqAHBlclBhZ2UiO2k6MTU7czo2OiJleGlzdHMiO2I6MTtzOjE4OiJ3YXNSZWNlbnRseUNyZWF0ZWQiO2I6MDtzOjI4OiIAKgBlc2NhcGVXaGVuQ2FzdGluZ1RvU3RyaW5nIjtiOjA7czoxMzoiACoAYXR0cmlidXRlcyI7YTo4OntzOjI6ImlkIjtzOjM2OiJlNDVhMjAxZi1lMzliLTRhNDktYTUyMC0xMjg0NWUzNTZiZjAiO3M6MTE6Im5hbWFfYmFsaWhvIjtzOjEyOiJCQUxJSE8gS0xFQ08iO3M6MTM6Imxva2FzaV9iYWxpaG8iO3M6MTE6IlBBU0FSIEtMRUNPIjtzOjExOiJmb3RvX2JhbGlobyI7czoyNjoiZm90b19iYWxpaG8vMTczMTM4ODIyMi5qcGciO3M6MTM6InVrdXJhbl9iYWxpaG8iO3M6NzoiNE0geCA4TSI7czoxMzoibGF5b3V0X2JhbGlobyI7czoxMDoiSG9yaXpvbnRhbCI7czoxMDoiY3JlYXRlZF9hdCI7czoxOToiMjAyNC0xMS0xMiAwNToxMDoyMiI7czoxMDoidXBkYXRlZF9hdCI7czoxOToiMjAyNC0xMS0xMiAwNToxMDoyMiI7fXM6MTE6IgAqAG9yaWdpbmFsIjthOjg6e3M6MjoiaWQiO3M6MzY6ImU0NWEyMDFmLWUzOWItNGE0OS1hNTIwLTEyODQ1ZTM1NmJmMCI7czoxMToibmFtYV9iYWxpaG8iO3M6MTI6IkJBTElITyBLTEVDTyI7czoxMzoibG9rYXNpX2JhbGlobyI7czoxMToiUEFTQVIgS0xFQ08iO3M6MTE6ImZvdG9fYmFsaWhvIjtzOjI2OiJmb3RvX2JhbGloby8xNzMxMzg4MjIyLmpwZyI7czoxMzoidWt1cmFuX2JhbGlobyI7czo3OiI0TSB4IDhNIjtzOjEzOiJsYXlvdXRfYmFsaWhvIjtzOjEwOiJIb3Jpem9udGFsIjtzOjEwOiJjcmVhdGVkX2F0IjtzOjE5OiIyMDI0LTExLTEyIDA1OjEwOjIyIjtzOjEwOiJ1cGRhdGVkX2F0IjtzOjE5OiIyMDI0LTExLTEyIDA1OjEwOjIyIjt9czoxMDoiACoAY2hhbmdlcyI7YTowOnt9czo4OiIAKgBjYXN0cyI7YTowOnt9czoxNzoiACoAY2xhc3NDYXN0Q2FjaGUiO2E6MDp7fXM6MjE6IgAqAGF0dHJpYnV0ZUNhc3RDYWNoZSI7YTowOnt9czoxMzoiACoAZGF0ZUZvcm1hdCI7TjtzOjEwOiIAKgBhcHBlbmRzIjthOjA6e31zOjE5OiIAKgBkaXNwYXRjaGVzRXZlbnRzIjthOjA6e31zOjE0OiIAKgBvYnNlcnZhYmxlcyI7YTowOnt9czoxMjoiACoAcmVsYXRpb25zIjthOjA6e31zOjEwOiIAKgB0b3VjaGVzIjthOjA6e31zOjEwOiJ0aW1lc3RhbXBzIjtiOjE7czoxMzoidXNlc1VuaXF1ZUlkcyI7YjowO3M6OToiACoAaGlkZGVuIjthOjA6e31zOjEwOiIAKgB2aXNpYmxlIjthOjA6e31zOjExOiIAKgBmaWxsYWJsZSI7YTo1OntpOjA7czoxMToibmFtYV9iYWxpaG8iO2k6MTtzOjEzOiJsb2thc2lfYmFsaWhvIjtpOjI7czoxMToiZm90b19iYWxpaG8iO2k6MztzOjEzOiJ1a3VyYW5fYmFsaWhvIjtpOjQ7czoxMzoibGF5b3V0X2JhbGlobyI7fXM6MTA6IgAqAGd1YXJkZWQiO2E6MTp7aTowO3M6MToiKiI7fX1pOjExO086MTc6IkFwcFxNb2RlbHNcQmFsaWhvIjozMDp7czoxMzoiACoAY29ubmVjdGlvbiI7czo1OiJteXNxbCI7czo4OiIAKgB0YWJsZSI7czoxMDoidGJsX2JhbGlobyI7czoxMzoiACoAcHJpbWFyeUtleSI7czoyOiJpZCI7czoxMDoiACoAa2V5VHlwZSI7czo2OiJzdHJpbmciO3M6MTI6ImluY3JlbWVudGluZyI7YjowO3M6NzoiACoAd2l0aCI7YTowOnt9czoxMjoiACoAd2l0aENvdW50IjthOjA6e31zOjE5OiJwcmV2ZW50c0xhenlMb2FkaW5nIjtiOjA7czoxMDoiACoAcGVyUGFnZSI7aToxNTtzOjY6ImV4aXN0cyI7YjoxO3M6MTg6Indhc1JlY2VudGx5Q3JlYXRlZCI7YjowO3M6Mjg6IgAqAGVzY2FwZVdoZW5DYXN0aW5nVG9TdHJpbmciO2I6MDtzOjEzOiIAKgBhdHRyaWJ1dGVzIjthOjg6e3M6MjoiaWQiO3M6MzY6ImU1ODZhMjQzLWY0OTktNDVlMS1iMTZkLTkwZjE5NDAzOTU3NCI7czoxMToibmFtYV9iYWxpaG8iO3M6MTY6IkJBTElITyBMT0pJV0VUQU4iO3M6MTM6Imxva2FzaV9iYWxpaG8iO3M6MjM6IlNJTVBBTkcgRU1QQVQgTE9KSVdFVEFOIjtzOjExOiJmb3RvX2JhbGlobyI7czoyNjoiZm90b19iYWxpaG8vMTczMTM4NTczOC5qcGciO3M6MTM6InVrdXJhbl9iYWxpaG8iO3M6NzoiNE0geCA2TSI7czoxMzoibGF5b3V0X2JhbGlobyI7czo4OiJWZXJ0aWthbCI7czoxMDoiY3JlYXRlZF9hdCI7czoxOToiMjAyNC0xMS0xMiAwNDoyODo1OCI7czoxMDoidXBkYXRlZF9hdCI7czoxOToiMjAyNC0xMS0xMiAwNDoyODo1OCI7fXM6MTE6IgAqAG9yaWdpbmFsIjthOjg6e3M6MjoiaWQiO3M6MzY6ImU1ODZhMjQzLWY0OTktNDVlMS1iMTZkLTkwZjE5NDAzOTU3NCI7czoxMToibmFtYV9iYWxpaG8iO3M6MTY6IkJBTElITyBMT0pJV0VUQU4iO3M6MTM6Imxva2FzaV9iYWxpaG8iO3M6MjM6IlNJTVBBTkcgRU1QQVQgTE9KSVdFVEFOIjtzOjExOiJmb3RvX2JhbGlobyI7czoyNjoiZm90b19iYWxpaG8vMTczMTM4NTczOC5qcGciO3M6MTM6InVrdXJhbl9iYWxpaG8iO3M6NzoiNE0geCA2TSI7czoxMzoibGF5b3V0X2JhbGlobyI7czo4OiJWZXJ0aWthbCI7czoxMDoiY3JlYXRlZF9hdCI7czoxOToiMjAyNC0xMS0xMiAwNDoyODo1OCI7czoxMDoidXBkYXRlZF9hdCI7czoxOToiMjAyNC0xMS0xMiAwNDoyODo1OCI7fXM6MTA6IgAqAGNoYW5nZXMiO2E6MDp7fXM6ODoiACoAY2FzdHMiO2E6MDp7fXM6MTc6IgAqAGNsYXNzQ2FzdENhY2hlIjthOjA6e31zOjIxOiIAKgBhdHRyaWJ1dGVDYXN0Q2FjaGUiO2E6MDp7fXM6MTM6IgAqAGRhdGVGb3JtYXQiO047czoxMDoiACoAYXBwZW5kcyI7YTowOnt9czoxOToiACoAZGlzcGF0Y2hlc0V2ZW50cyI7YTowOnt9czoxNDoiACoAb2JzZXJ2YWJsZXMiO2E6MDp7fXM6MTI6IgAqAHJlbGF0aW9ucyI7YTowOnt9czoxMDoiACoAdG91Y2hlcyI7YTowOnt9czoxMDoidGltZXN0YW1wcyI7YjoxO3M6MTM6InVzZXNVbmlxdWVJZHMiO2I6MDtzOjk6IgAqAGhpZGRlbiI7YTowOnt9czoxMDoiACoAdmlzaWJsZSI7YTowOnt9czoxMToiACoAZmlsbGFibGUiO2E6NTp7aTowO3M6MTE6Im5hbWFfYmFsaWhvIjtpOjE7czoxMzoibG9rYXNpX2JhbGlobyI7aToyO3M6MTE6ImZvdG9fYmFsaWhvIjtpOjM7czoxMzoidWt1cmFuX2JhbGlobyI7aTo0O3M6MTM6ImxheW91dF9iYWxpaG8iO31zOjEwOiIAKgBndWFyZGVkIjthOjE6e2k6MDtzOjE6IioiO319aToxMjtPOjE3OiJBcHBcTW9kZWxzXEJhbGlobyI6MzA6e3M6MTM6IgAqAGNvbm5lY3Rpb24iO3M6NToibXlzcWwiO3M6ODoiACoAdGFibGUiO3M6MTA6InRibF9iYWxpaG8iO3M6MTM6IgAqAHByaW1hcnlLZXkiO3M6MjoiaWQiO3M6MTA6IgAqAGtleVR5cGUiO3M6Njoic3RyaW5nIjtzOjEyOiJpbmNyZW1lbnRpbmciO2I6MDtzOjc6IgAqAHdpdGgiO2E6MDp7fXM6MTI6IgAqAHdpdGhDb3VudCI7YTowOnt9czoxOToicHJldmVudHNMYXp5TG9hZGluZyI7YjowO3M6MTA6IgAqAHBlclBhZ2UiO2k6MTU7czo2OiJleGlzdHMiO2I6MTtzOjE4OiJ3YXNSZWNlbnRseUNyZWF0ZWQiO2I6MDtzOjI4OiIAKgBlc2NhcGVXaGVuQ2FzdGluZ1RvU3RyaW5nIjtiOjA7czoxMzoiACoAYXR0cmlidXRlcyI7YTo4OntzOjI6ImlkIjtzOjM2OiJlYzA4OTkzOC1jODhkLTQ0OTMtYWI3MC1kMWZkMDA4NTU5Y2QiO3M6MTE6Im5hbWFfYmFsaWhvIjtzOjE0OiJCQUxJSE8gTEFXRVlBTiI7czoxMzoibG9rYXNpX2JhbGlobyI7czoxNzoiS0VDQU1BVEFOIExBV0VZQU4iO3M6MTE6ImZvdG9fYmFsaWhvIjtzOjI2OiJmb3RvX2JhbGloby8xNzMxMzg4MjUzLmpwZyI7czoxMzoidWt1cmFuX2JhbGlobyI7czo3OiIzTSB4IDRNIjtzOjEzOiJsYXlvdXRfYmFsaWhvIjtzOjg6IlZlcnRpa2FsIjtzOjEwOiJjcmVhdGVkX2F0IjtzOjE5OiIyMDI0LTExLTEyIDA1OjEwOjUzIjtzOjEwOiJ1cGRhdGVkX2F0IjtzOjE5OiIyMDI0LTExLTEyIDA1OjEwOjUzIjt9czoxMToiACoAb3JpZ2luYWwiO2E6ODp7czoyOiJpZCI7czozNjoiZWMwODk5MzgtYzg4ZC00NDkzLWFiNzAtZDFmZDAwODU1OWNkIjtzOjExOiJuYW1hX2JhbGlobyI7czoxNDoiQkFMSUhPIExBV0VZQU4iO3M6MTM6Imxva2FzaV9iYWxpaG8iO3M6MTc6IktFQ0FNQVRBTiBMQVdFWUFOIjtzOjExOiJmb3RvX2JhbGlobyI7czoyNjoiZm90b19iYWxpaG8vMTczMTM4ODI1My5qcGciO3M6MTM6InVrdXJhbl9iYWxpaG8iO3M6NzoiM00geCA0TSI7czoxMzoibGF5b3V0X2JhbGlobyI7czo4OiJWZXJ0aWthbCI7czoxMDoiY3JlYXRlZF9hdCI7czoxOToiMjAyNC0xMS0xMiAwNToxMDo1MyI7czoxMDoidXBkYXRlZF9hdCI7czoxOToiMjAyNC0xMS0xMiAwNToxMDo1MyI7fXM6MTA6IgAqAGNoYW5nZXMiO2E6MDp7fXM6ODoiACoAY2FzdHMiO2E6MDp7fXM6MTc6IgAqAGNsYXNzQ2FzdENhY2hlIjthOjA6e31zOjIxOiIAKgBhdHRyaWJ1dGVDYXN0Q2FjaGUiO2E6MDp7fXM6MTM6IgAqAGRhdGVGb3JtYXQiO047czoxMDoiACoAYXBwZW5kcyI7YTowOnt9czoxOToiACoAZGlzcGF0Y2hlc0V2ZW50cyI7YTowOnt9czoxNDoiACoAb2JzZXJ2YWJsZXMiO2E6MDp7fXM6MTI6IgAqAHJlbGF0aW9ucyI7YTowOnt9czoxMDoiACoAdG91Y2hlcyI7YTowOnt9czoxMDoidGltZXN0YW1wcyI7YjoxO3M6MTM6InVzZXNVbmlxdWVJZHMiO2I6MDtzOjk6IgAqAGhpZGRlbiI7YTowOnt9czoxMDoiACoAdmlzaWJsZSI7YTowOnt9czoxMToiACoAZmlsbGFibGUiO2E6NTp7aTowO3M6MTE6Im5hbWFfYmFsaWhvIjtpOjE7czoxMzoibG9rYXNpX2JhbGlobyI7aToyO3M6MTE6ImZvdG9fYmFsaWhvIjtpOjM7czoxMzoidWt1cmFuX2JhbGlobyI7aTo0O3M6MTM6ImxheW91dF9iYWxpaG8iO31zOjEwOiIAKgBndWFyZGVkIjthOjE6e2k6MDtzOjE6IioiO319fXM6Mjg6IgAqAGVzY2FwZVdoZW5DYXN0aW5nVG9TdHJpbmciO2I6MDt9fQ==', 1732175910);
INSERT INTO `sessions` VALUES ('SFPFrve3cpDqR2qKUouHhwySoqD60n2nAeln1KK8', NULL, '127.0.0.1', 'Mozilla/5.0 (Windows NT 10.0; Win64; x64; rv:132.0) Gecko/20100101 Firefox/132.0', 'YTozOntzOjY6Il90b2tlbiI7czo0MDoiWEJOMXZ0OEwxaG00aHJKWnpNYVMwVGQxc1FuajVRS0lpZmFNSmZnSCI7czo5OiJfcHJldmlvdXMiO2E6MTp7czozOiJ1cmwiO3M6Mjc6Imh0dHA6Ly9tZXNpMi50ZXN0L3Blc2FubWVzaSI7fXM6NjoiX2ZsYXNoIjthOjI6e3M6Mzoib2xkIjthOjA6e31zOjM6Im5ldyI7YTowOnt9fX0=', 1732240721);

-- ----------------------------
-- Table structure for tbl_baliho
-- ----------------------------
DROP TABLE IF EXISTS `tbl_baliho`;
CREATE TABLE `tbl_baliho`  (
  `id` char(36) CHARACTER SET utf8mb4 COLLATE utf8mb4_unicode_ci NOT NULL,
  `nama_baliho` varchar(255) CHARACTER SET utf8mb4 COLLATE utf8mb4_unicode_ci NOT NULL,
  `lokasi_baliho` varchar(255) CHARACTER SET utf8mb4 COLLATE utf8mb4_unicode_ci NOT NULL,
  `foto_baliho` varchar(255) CHARACTER SET utf8mb4 COLLATE utf8mb4_unicode_ci NOT NULL,
  `ukuran_baliho` varchar(255) CHARACTER SET utf8mb4 COLLATE utf8mb4_unicode_ci NOT NULL,
  `layout_baliho` varchar(255) CHARACTER SET utf8mb4 COLLATE utf8mb4_unicode_ci NOT NULL,
  `created_at` timestamp(0) NULL DEFAULT NULL,
  `updated_at` timestamp(0) NULL DEFAULT NULL,
  PRIMARY KEY (`id`) USING BTREE
) ENGINE = InnoDB CHARACTER SET = utf8mb4 COLLATE = utf8mb4_unicode_ci ROW_FORMAT = Dynamic;

-- ----------------------------
-- Records of tbl_baliho
-- ----------------------------
INSERT INTO `tbl_baliho` VALUES ('1f8e00a9-6cd8-4cdc-a7a1-32979eed4007', 'BALIHO JURUG', 'JURUG', 'foto_baliho/1731388185.jpg', '4M x 8M', 'Horizontal', '2024-11-12 05:09:45', '2024-11-12 05:09:45');
INSERT INTO `tbl_baliho` VALUES ('35c9c8b4-b835-4da6-a94f-d9ee3e7b6384', 'BALIHO DEPAN KECAMATAN BANJARSARI', 'KECAMATAN BANJARSARI', 'foto_baliho/1731385646.jpg', '3M x 4M', 'Vertikal', '2024-11-12 04:27:26', '2025-02-12 11:42:27');
INSERT INTO `tbl_baliho` VALUES ('57cf08bf-56f3-4953-a075-8895495dde49', 'BALIHO BELAKANG UNS', 'KI HAJAR DEWANTARA', 'foto_baliho/1731388063.jpg', '4M x 6M', 'Vertikal', '2024-11-12 05:07:43', '2024-11-12 05:07:43');
INSERT INTO `tbl_baliho` VALUES ('6a30c864-17ec-4839-915f-ac98af6b9596', 'BALIHO PDAM', 'PDAM', 'foto_baliho/1731387934.jpg', '4M x 8M', 'Horizontal', '2024-11-12 05:05:34', '2024-11-12 05:05:34');
INSERT INTO `tbl_baliho` VALUES ('6f1b5f85-bb89-476b-b2ed-f20c675d3096', 'BALIHO BANJARSARI', 'SIMPANG LIMA BANJARSARI MONGINSIDI', 'foto_baliho/1731387999.jpg', '4M x 6M', 'Vertikal', '2024-11-12 05:06:39', '2024-11-12 05:06:39');
INSERT INTO `tbl_baliho` VALUES ('7c27b86d-2dca-4509-a8d0-99e41d19a611', 'BALIHO TANJUNGANOM', 'TANJUNG ANOM', 'foto_baliho/1731387775.jpg', '4M x 6M', 'Vertikal', '2024-11-12 05:02:55', '2024-11-12 05:02:55');
INSERT INTO `tbl_baliho` VALUES ('894844c4-d447-4bce-804c-456a1704b0b9', 'BALIHO SERENGAN', 'KECAMATAN SERENGAN', 'foto_baliho/1731388315.jpg', '3M x 4M', 'Vertikal', '2024-11-12 05:11:55', '2024-11-12 05:11:55');
INSERT INTO `tbl_baliho` VALUES ('91053293-8cb9-44c3-bdce-8e69f9e4105b', 'BALIHO SUMBER', 'SUMBER', 'foto_baliho/1731388337.jpg', '4M x 6M', 'Vertikal', '2024-11-12 05:12:17', '2024-11-12 05:12:17');
INSERT INTO `tbl_baliho` VALUES ('aacebd1f-b0d0-4f58-ae6a-6f24b6ec4248', 'BALIHO PASAR JONGKE', 'DEPAN PASAR JONGKE', 'foto_baliho/1731388116.jpg', '4M x 8M', 'Vertikal', '2024-11-12 05:08:37', '2024-11-12 05:08:37');
INSERT INTO `tbl_baliho` VALUES ('d836cbd0-007e-4df7-81bf-9196a9e03d78', 'BALIHO TUGU LILIN', 'TUGU LILIN SMA MURNI', 'foto_baliho/1731387837.jpg', '4M x 6M', 'Vertikal', '2024-11-12 05:03:58', '2024-11-12 05:03:58');
INSERT INTO `tbl_baliho` VALUES ('e45a201f-e39b-4a49-a520-12845e356bf0', 'BALIHO KLECO', 'PASAR KLECO', 'foto_baliho/1731388222.jpg', '4M x 8M', 'Horizontal', '2024-11-12 05:10:22', '2024-11-12 05:10:22');
INSERT INTO `tbl_baliho` VALUES ('e586a243-f499-45e1-b16d-90f194039574', 'BALIHO LOJIWETAN', 'SIMPANG EMPAT LOJIWETAN', 'foto_baliho/1731385738.jpg', '4M x 6M', 'Vertikal', '2024-11-12 04:28:58', '2024-11-12 04:28:58');
INSERT INTO `tbl_baliho` VALUES ('ec089938-c88d-4493-ab70-d1fd008559cd', 'BALIHO LAWEYAN', 'KECAMATAN LAWEYAN', 'foto_baliho/1731388253.jpg', '3M x 4M', 'Vertikal', '2024-11-12 05:10:53', '2024-11-12 05:10:53');

-- ----------------------------
-- Table structure for tbl_detail_trans_pesan
-- ----------------------------
DROP TABLE IF EXISTS `tbl_detail_trans_pesan`;
CREATE TABLE `tbl_detail_trans_pesan`  (
  `kode_trans_fk` char(255) CHARACTER SET utf8mb4 COLLATE utf8mb4_unicode_ci NOT NULL,
  `tanggal` date NOT NULL,
  `baliho_id` char(255) CHARACTER SET utf8mb4 COLLATE utf8mb4_unicode_ci NULL DEFAULT NULL,
  `created_at` timestamp(0) NULL DEFAULT NULL,
  `updated_at` timestamp(0) NULL DEFAULT NULL,
  INDEX `tbl_detail_trans_pesan_kode_trans_fk_foreign`(`kode_trans_fk`) USING BTREE,
  CONSTRAINT `fk_kode_trans` FOREIGN KEY (`kode_trans_fk`) REFERENCES `tbl_pesan` (`kode_trans`) ON DELETE CASCADE ON UPDATE RESTRICT,
  CONSTRAINT `tbl_detail_trans_pesan_kode_trans_fk_foreign` FOREIGN KEY (`kode_trans_fk`) REFERENCES `tbl_pesan` (`kode_trans`) ON DELETE CASCADE ON UPDATE RESTRICT
) ENGINE = InnoDB CHARACTER SET = utf8mb4 COLLATE = utf8mb4_unicode_ci ROW_FORMAT = Dynamic;

-- ----------------------------
-- Records of tbl_detail_trans_pesan
-- ----------------------------
INSERT INTO `tbl_detail_trans_pesan` VALUES ('202502211103y0gM', '2025-02-23', '1f8e00a9-6cd8-4cdc-a7a1-32979eed4007', '2025-02-21 11:03:36', '2025-02-21 11:03:36');
INSERT INTO `tbl_detail_trans_pesan` VALUES ('202502211103y0gM', '2025-02-24', '1f8e00a9-6cd8-4cdc-a7a1-32979eed4007', '2025-02-21 11:03:36', '2025-02-21 11:03:36');
INSERT INTO `tbl_detail_trans_pesan` VALUES ('202502211103y0gM', '2025-02-25', '1f8e00a9-6cd8-4cdc-a7a1-32979eed4007', '2025-02-21 11:03:36', '2025-02-21 11:03:36');
INSERT INTO `tbl_detail_trans_pesan` VALUES ('202502211103y0gM', '2025-02-26', '1f8e00a9-6cd8-4cdc-a7a1-32979eed4007', '2025-02-21 11:03:36', '2025-02-21 11:03:36');
INSERT INTO `tbl_detail_trans_pesan` VALUES ('202502211103y0gM', '2025-02-27', '1f8e00a9-6cd8-4cdc-a7a1-32979eed4007', '2025-02-21 11:03:36', '2025-02-21 11:03:36');
INSERT INTO `tbl_detail_trans_pesan` VALUES ('202502211103y0gM', '2025-02-28', '1f8e00a9-6cd8-4cdc-a7a1-32979eed4007', '2025-02-21 11:03:36', '2025-02-21 11:03:36');
INSERT INTO `tbl_detail_trans_pesan` VALUES ('202502211103y0gM', '2025-02-23', '35c9c8b4-b835-4da6-a94f-d9ee3e7b6384', '2025-02-21 11:03:36', '2025-02-21 11:03:36');
INSERT INTO `tbl_detail_trans_pesan` VALUES ('202502211103y0gM', '2025-02-24', '35c9c8b4-b835-4da6-a94f-d9ee3e7b6384', '2025-02-21 11:03:36', '2025-02-21 11:03:36');
INSERT INTO `tbl_detail_trans_pesan` VALUES ('202502211103y0gM', '2025-02-25', '35c9c8b4-b835-4da6-a94f-d9ee3e7b6384', '2025-02-21 11:03:36', '2025-02-21 11:03:36');
INSERT INTO `tbl_detail_trans_pesan` VALUES ('202502211103y0gM', '2025-02-26', '35c9c8b4-b835-4da6-a94f-d9ee3e7b6384', '2025-02-21 11:03:36', '2025-02-21 11:03:36');
INSERT INTO `tbl_detail_trans_pesan` VALUES ('202502211103y0gM', '2025-02-27', '35c9c8b4-b835-4da6-a94f-d9ee3e7b6384', '2025-02-21 11:03:36', '2025-02-21 11:03:36');
INSERT INTO `tbl_detail_trans_pesan` VALUES ('202502211103y0gM', '2025-02-28', '35c9c8b4-b835-4da6-a94f-d9ee3e7b6384', '2025-02-21 11:03:36', '2025-02-21 11:03:36');
INSERT INTO `tbl_detail_trans_pesan` VALUES ('202502211103y0gM', '2025-02-23', '57cf08bf-56f3-4953-a075-8895495dde49', '2025-02-21 11:03:36', '2025-02-21 11:03:36');
INSERT INTO `tbl_detail_trans_pesan` VALUES ('202502211103y0gM', '2025-02-24', '57cf08bf-56f3-4953-a075-8895495dde49', '2025-02-21 11:03:36', '2025-02-21 11:03:36');
INSERT INTO `tbl_detail_trans_pesan` VALUES ('202502211103y0gM', '2025-02-25', '57cf08bf-56f3-4953-a075-8895495dde49', '2025-02-21 11:03:36', '2025-02-21 11:03:36');
INSERT INTO `tbl_detail_trans_pesan` VALUES ('202502211103y0gM', '2025-02-26', '57cf08bf-56f3-4953-a075-8895495dde49', '2025-02-21 11:03:36', '2025-02-21 11:03:36');
INSERT INTO `tbl_detail_trans_pesan` VALUES ('202502211103y0gM', '2025-02-27', '57cf08bf-56f3-4953-a075-8895495dde49', '2025-02-21 11:03:36', '2025-02-21 11:03:36');
INSERT INTO `tbl_detail_trans_pesan` VALUES ('202502211103y0gM', '2025-02-28', '57cf08bf-56f3-4953-a075-8895495dde49', '2025-02-21 11:03:36', '2025-02-21 11:03:36');
INSERT INTO `tbl_detail_trans_pesan` VALUES ('202502211103y0gM', '2025-02-23', '6a30c864-17ec-4839-915f-ac98af6b9596', '2025-02-21 11:03:36', '2025-02-21 11:03:36');
INSERT INTO `tbl_detail_trans_pesan` VALUES ('202502211103y0gM', '2025-02-24', '6a30c864-17ec-4839-915f-ac98af6b9596', '2025-02-21 11:03:36', '2025-02-21 11:03:36');
INSERT INTO `tbl_detail_trans_pesan` VALUES ('202502211103y0gM', '2025-02-25', '6a30c864-17ec-4839-915f-ac98af6b9596', '2025-02-21 11:03:36', '2025-02-21 11:03:36');
INSERT INTO `tbl_detail_trans_pesan` VALUES ('202502211103y0gM', '2025-02-26', '6a30c864-17ec-4839-915f-ac98af6b9596', '2025-02-21 11:03:36', '2025-02-21 11:03:36');
INSERT INTO `tbl_detail_trans_pesan` VALUES ('202502211103y0gM', '2025-02-27', '6a30c864-17ec-4839-915f-ac98af6b9596', '2025-02-21 11:03:36', '2025-02-21 11:03:36');
INSERT INTO `tbl_detail_trans_pesan` VALUES ('202502211103y0gM', '2025-02-28', '6a30c864-17ec-4839-915f-ac98af6b9596', '2025-02-21 11:03:36', '2025-02-21 11:03:36');
INSERT INTO `tbl_detail_trans_pesan` VALUES ('202502211103y0gM', '2025-02-23', '6f1b5f85-bb89-476b-b2ed-f20c675d3096', '2025-02-21 11:03:36', '2025-02-21 11:03:36');
INSERT INTO `tbl_detail_trans_pesan` VALUES ('202502211103y0gM', '2025-02-24', '6f1b5f85-bb89-476b-b2ed-f20c675d3096', '2025-02-21 11:03:36', '2025-02-21 11:03:36');
INSERT INTO `tbl_detail_trans_pesan` VALUES ('202502211103y0gM', '2025-02-25', '6f1b5f85-bb89-476b-b2ed-f20c675d3096', '2025-02-21 11:03:36', '2025-02-21 11:03:36');
INSERT INTO `tbl_detail_trans_pesan` VALUES ('202502211103y0gM', '2025-02-26', '6f1b5f85-bb89-476b-b2ed-f20c675d3096', '2025-02-21 11:03:36', '2025-02-21 11:03:36');
INSERT INTO `tbl_detail_trans_pesan` VALUES ('202502211103y0gM', '2025-02-27', '6f1b5f85-bb89-476b-b2ed-f20c675d3096', '2025-02-21 11:03:36', '2025-02-21 11:03:36');
INSERT INTO `tbl_detail_trans_pesan` VALUES ('202502211103y0gM', '2025-02-28', '6f1b5f85-bb89-476b-b2ed-f20c675d3096', '2025-02-21 11:03:36', '2025-02-21 11:03:36');
INSERT INTO `tbl_detail_trans_pesan` VALUES ('202502211103y0gM', '2025-02-23', '7c27b86d-2dca-4509-a8d0-99e41d19a611', '2025-02-21 11:03:36', '2025-02-21 11:03:36');
INSERT INTO `tbl_detail_trans_pesan` VALUES ('202502211103y0gM', '2025-02-24', '7c27b86d-2dca-4509-a8d0-99e41d19a611', '2025-02-21 11:03:36', '2025-02-21 11:03:36');
INSERT INTO `tbl_detail_trans_pesan` VALUES ('202502211103y0gM', '2025-02-25', '7c27b86d-2dca-4509-a8d0-99e41d19a611', '2025-02-21 11:03:36', '2025-02-21 11:03:36');
INSERT INTO `tbl_detail_trans_pesan` VALUES ('202502211103y0gM', '2025-02-26', '7c27b86d-2dca-4509-a8d0-99e41d19a611', '2025-02-21 11:03:36', '2025-02-21 11:03:36');
INSERT INTO `tbl_detail_trans_pesan` VALUES ('202502211103y0gM', '2025-02-27', '7c27b86d-2dca-4509-a8d0-99e41d19a611', '2025-02-21 11:03:36', '2025-02-21 11:03:36');
INSERT INTO `tbl_detail_trans_pesan` VALUES ('202502211103y0gM', '2025-02-28', '7c27b86d-2dca-4509-a8d0-99e41d19a611', '2025-02-21 11:03:36', '2025-02-21 11:03:36');
INSERT INTO `tbl_detail_trans_pesan` VALUES ('202502211103y0gM', '2025-02-23', '894844c4-d447-4bce-804c-456a1704b0b9', '2025-02-21 11:03:36', '2025-02-21 11:03:36');
INSERT INTO `tbl_detail_trans_pesan` VALUES ('202502211103y0gM', '2025-02-24', '894844c4-d447-4bce-804c-456a1704b0b9', '2025-02-21 11:03:36', '2025-02-21 11:03:36');
INSERT INTO `tbl_detail_trans_pesan` VALUES ('202502211103y0gM', '2025-02-25', '894844c4-d447-4bce-804c-456a1704b0b9', '2025-02-21 11:03:36', '2025-02-21 11:03:36');
INSERT INTO `tbl_detail_trans_pesan` VALUES ('202502211103y0gM', '2025-02-26', '894844c4-d447-4bce-804c-456a1704b0b9', '2025-02-21 11:03:36', '2025-02-21 11:03:36');
INSERT INTO `tbl_detail_trans_pesan` VALUES ('202502211103y0gM', '2025-02-27', '894844c4-d447-4bce-804c-456a1704b0b9', '2025-02-21 11:03:36', '2025-02-21 11:03:36');
INSERT INTO `tbl_detail_trans_pesan` VALUES ('202502211103y0gM', '2025-02-28', '894844c4-d447-4bce-804c-456a1704b0b9', '2025-02-21 11:03:36', '2025-02-21 11:03:36');
INSERT INTO `tbl_detail_trans_pesan` VALUES ('202502211103y0gM', '2025-02-23', '91053293-8cb9-44c3-bdce-8e69f9e4105b', '2025-02-21 11:03:36', '2025-02-21 11:03:36');
INSERT INTO `tbl_detail_trans_pesan` VALUES ('202502211103y0gM', '2025-02-24', '91053293-8cb9-44c3-bdce-8e69f9e4105b', '2025-02-21 11:03:36', '2025-02-21 11:03:36');
INSERT INTO `tbl_detail_trans_pesan` VALUES ('202502211103y0gM', '2025-02-25', '91053293-8cb9-44c3-bdce-8e69f9e4105b', '2025-02-21 11:03:36', '2025-02-21 11:03:36');
INSERT INTO `tbl_detail_trans_pesan` VALUES ('202502211103y0gM', '2025-02-26', '91053293-8cb9-44c3-bdce-8e69f9e4105b', '2025-02-21 11:03:36', '2025-02-21 11:03:36');
INSERT INTO `tbl_detail_trans_pesan` VALUES ('202502211103y0gM', '2025-02-27', '91053293-8cb9-44c3-bdce-8e69f9e4105b', '2025-02-21 11:03:36', '2025-02-21 11:03:36');
INSERT INTO `tbl_detail_trans_pesan` VALUES ('202502211103y0gM', '2025-02-28', '91053293-8cb9-44c3-bdce-8e69f9e4105b', '2025-02-21 11:03:36', '2025-02-21 11:03:36');
INSERT INTO `tbl_detail_trans_pesan` VALUES ('202502211103y0gM', '2025-02-23', 'aacebd1f-b0d0-4f58-ae6a-6f24b6ec4248', '2025-02-21 11:03:36', '2025-02-21 11:03:36');
INSERT INTO `tbl_detail_trans_pesan` VALUES ('202502211103y0gM', '2025-02-24', 'aacebd1f-b0d0-4f58-ae6a-6f24b6ec4248', '2025-02-21 11:03:36', '2025-02-21 11:03:36');
INSERT INTO `tbl_detail_trans_pesan` VALUES ('202502211103y0gM', '2025-02-25', 'aacebd1f-b0d0-4f58-ae6a-6f24b6ec4248', '2025-02-21 11:03:36', '2025-02-21 11:03:36');
INSERT INTO `tbl_detail_trans_pesan` VALUES ('202502211103y0gM', '2025-02-26', 'aacebd1f-b0d0-4f58-ae6a-6f24b6ec4248', '2025-02-21 11:03:36', '2025-02-21 11:03:36');
INSERT INTO `tbl_detail_trans_pesan` VALUES ('202502211103y0gM', '2025-02-27', 'aacebd1f-b0d0-4f58-ae6a-6f24b6ec4248', '2025-02-21 11:03:36', '2025-02-21 11:03:36');
INSERT INTO `tbl_detail_trans_pesan` VALUES ('202502211103y0gM', '2025-02-28', 'aacebd1f-b0d0-4f58-ae6a-6f24b6ec4248', '2025-02-21 11:03:36', '2025-02-21 11:03:36');
INSERT INTO `tbl_detail_trans_pesan` VALUES ('202502211103y0gM', '2025-02-23', 'd836cbd0-007e-4df7-81bf-9196a9e03d78', '2025-02-21 11:03:36', '2025-02-21 11:03:36');
INSERT INTO `tbl_detail_trans_pesan` VALUES ('202502211103y0gM', '2025-02-24', 'd836cbd0-007e-4df7-81bf-9196a9e03d78', '2025-02-21 11:03:36', '2025-02-21 11:03:36');
INSERT INTO `tbl_detail_trans_pesan` VALUES ('202502211103y0gM', '2025-02-25', 'd836cbd0-007e-4df7-81bf-9196a9e03d78', '2025-02-21 11:03:36', '2025-02-21 11:03:36');
INSERT INTO `tbl_detail_trans_pesan` VALUES ('202502211103y0gM', '2025-02-26', 'd836cbd0-007e-4df7-81bf-9196a9e03d78', '2025-02-21 11:03:36', '2025-02-21 11:03:36');
INSERT INTO `tbl_detail_trans_pesan` VALUES ('202502211103y0gM', '2025-02-27', 'd836cbd0-007e-4df7-81bf-9196a9e03d78', '2025-02-21 11:03:36', '2025-02-21 11:03:36');
INSERT INTO `tbl_detail_trans_pesan` VALUES ('202502211103y0gM', '2025-02-28', 'd836cbd0-007e-4df7-81bf-9196a9e03d78', '2025-02-21 11:03:36', '2025-02-21 11:03:36');
INSERT INTO `tbl_detail_trans_pesan` VALUES ('202502211103y0gM', '2025-02-23', 'e45a201f-e39b-4a49-a520-12845e356bf0', '2025-02-21 11:03:36', '2025-02-21 11:03:36');
INSERT INTO `tbl_detail_trans_pesan` VALUES ('202502211103y0gM', '2025-02-24', 'e45a201f-e39b-4a49-a520-12845e356bf0', '2025-02-21 11:03:36', '2025-02-21 11:03:36');
INSERT INTO `tbl_detail_trans_pesan` VALUES ('202502211103y0gM', '2025-02-25', 'e45a201f-e39b-4a49-a520-12845e356bf0', '2025-02-21 11:03:36', '2025-02-21 11:03:36');
INSERT INTO `tbl_detail_trans_pesan` VALUES ('202502211103y0gM', '2025-02-26', 'e45a201f-e39b-4a49-a520-12845e356bf0', '2025-02-21 11:03:36', '2025-02-21 11:03:36');
INSERT INTO `tbl_detail_trans_pesan` VALUES ('202502211103y0gM', '2025-02-27', 'e45a201f-e39b-4a49-a520-12845e356bf0', '2025-02-21 11:03:36', '2025-02-21 11:03:36');
INSERT INTO `tbl_detail_trans_pesan` VALUES ('202502211103y0gM', '2025-02-28', 'e45a201f-e39b-4a49-a520-12845e356bf0', '2025-02-21 11:03:36', '2025-02-21 11:03:36');
INSERT INTO `tbl_detail_trans_pesan` VALUES ('202502211103y0gM', '2025-02-23', 'e586a243-f499-45e1-b16d-90f194039574', '2025-02-21 11:03:36', '2025-02-21 11:03:36');
INSERT INTO `tbl_detail_trans_pesan` VALUES ('202502211103y0gM', '2025-02-24', 'e586a243-f499-45e1-b16d-90f194039574', '2025-02-21 11:03:36', '2025-02-21 11:03:36');
INSERT INTO `tbl_detail_trans_pesan` VALUES ('202502211103y0gM', '2025-02-25', 'e586a243-f499-45e1-b16d-90f194039574', '2025-02-21 11:03:36', '2025-02-21 11:03:36');
INSERT INTO `tbl_detail_trans_pesan` VALUES ('202502211103y0gM', '2025-02-26', 'e586a243-f499-45e1-b16d-90f194039574', '2025-02-21 11:03:36', '2025-02-21 11:03:36');
INSERT INTO `tbl_detail_trans_pesan` VALUES ('202502211103y0gM', '2025-02-27', 'e586a243-f499-45e1-b16d-90f194039574', '2025-02-21 11:03:36', '2025-02-21 11:03:36');
INSERT INTO `tbl_detail_trans_pesan` VALUES ('202502211103y0gM', '2025-02-28', 'e586a243-f499-45e1-b16d-90f194039574', '2025-02-21 11:03:36', '2025-02-21 11:03:36');
INSERT INTO `tbl_detail_trans_pesan` VALUES ('202502211103y0gM', '2025-02-23', 'ec089938-c88d-4493-ab70-d1fd008559cd', '2025-02-21 11:03:36', '2025-02-21 11:03:36');
INSERT INTO `tbl_detail_trans_pesan` VALUES ('202502211103y0gM', '2025-02-24', 'ec089938-c88d-4493-ab70-d1fd008559cd', '2025-02-21 11:03:36', '2025-02-21 11:03:36');
INSERT INTO `tbl_detail_trans_pesan` VALUES ('202502211103y0gM', '2025-02-25', 'ec089938-c88d-4493-ab70-d1fd008559cd', '2025-02-21 11:03:36', '2025-02-21 11:03:36');
INSERT INTO `tbl_detail_trans_pesan` VALUES ('202502211103y0gM', '2025-02-26', 'ec089938-c88d-4493-ab70-d1fd008559cd', '2025-02-21 11:03:36', '2025-02-21 11:03:36');
INSERT INTO `tbl_detail_trans_pesan` VALUES ('202502211103y0gM', '2025-02-27', 'ec089938-c88d-4493-ab70-d1fd008559cd', '2025-02-21 11:03:36', '2025-02-21 11:03:36');
INSERT INTO `tbl_detail_trans_pesan` VALUES ('202502211103y0gM', '2025-02-28', 'ec089938-c88d-4493-ab70-d1fd008559cd', '2025-02-21 11:03:36', '2025-02-21 11:03:36');
INSERT INTO `tbl_detail_trans_pesan` VALUES ('202502211107gevt', '2025-03-02', '1f8e00a9-6cd8-4cdc-a7a1-32979eed4007', '2025-02-21 11:07:56', '2025-02-21 11:07:56');
INSERT INTO `tbl_detail_trans_pesan` VALUES ('202502211107gevt', '2025-03-03', '1f8e00a9-6cd8-4cdc-a7a1-32979eed4007', '2025-02-21 11:07:56', '2025-02-21 11:07:56');
INSERT INTO `tbl_detail_trans_pesan` VALUES ('202502211107gevt', '2025-03-04', '1f8e00a9-6cd8-4cdc-a7a1-32979eed4007', '2025-02-21 11:07:56', '2025-02-21 11:07:56');
INSERT INTO `tbl_detail_trans_pesan` VALUES ('202502211107gevt', '2025-03-05', '1f8e00a9-6cd8-4cdc-a7a1-32979eed4007', '2025-02-21 11:07:56', '2025-02-21 11:07:56');
INSERT INTO `tbl_detail_trans_pesan` VALUES ('202502211107gevt', '2025-03-06', '1f8e00a9-6cd8-4cdc-a7a1-32979eed4007', '2025-02-21 11:07:56', '2025-02-21 11:07:56');
INSERT INTO `tbl_detail_trans_pesan` VALUES ('202502211107gevt', '2025-03-07', '1f8e00a9-6cd8-4cdc-a7a1-32979eed4007', '2025-02-21 11:07:56', '2025-02-21 11:07:56');
INSERT INTO `tbl_detail_trans_pesan` VALUES ('202502211107gevt', '2025-03-08', '1f8e00a9-6cd8-4cdc-a7a1-32979eed4007', '2025-02-21 11:07:56', '2025-02-21 11:07:56');

-- ----------------------------
-- Table structure for tbl_instansi
-- ----------------------------
DROP TABLE IF EXISTS `tbl_instansi`;
CREATE TABLE `tbl_instansi`  (
  `id` char(36) CHARACTER SET utf8mb4 COLLATE utf8mb4_unicode_ci NOT NULL,
  `instansi` char(36) CHARACTER SET utf8mb4 COLLATE utf8mb4_unicode_ci NOT NULL,
  `created_at` timestamp(0) NULL DEFAULT NULL,
  `updated_at` timestamp(0) NULL DEFAULT NULL,
  PRIMARY KEY (`id`) USING BTREE
) ENGINE = InnoDB CHARACTER SET = utf8mb4 COLLATE = utf8mb4_unicode_ci ROW_FORMAT = Dynamic;

-- ----------------------------
-- Records of tbl_instansi
-- ----------------------------
INSERT INTO `tbl_instansi` VALUES ('0198a1a2-ebd0-429f-88ee-4e4296663c58', 'KELURAHAN TIPES', '2024-11-05 04:27:45', '2024-11-05 04:27:45');
INSERT INTO `tbl_instansi` VALUES ('01d1e6ba-ec07-40b0-83f7-31d7b1cbbbe8', 'KELURAHAN SUDIROPRAJAN', '2024-11-05 04:24:01', '2024-11-05 04:24:01');
INSERT INTO `tbl_instansi` VALUES ('0263dca3-d243-421f-befb-471f2fdb2af6', 'DPUPR', '2024-11-05 04:27:45', '2024-11-05 04:27:45');
INSERT INTO `tbl_instansi` VALUES ('02b833b0-d599-45fb-9464-0885328dfa58', 'KELURAHAN KARANGASEM', '2024-11-05 04:24:01', '2024-11-05 04:24:01');
INSERT INTO `tbl_instansi` VALUES ('0329ca40-98d4-44e0-b2ce-b0c30778d0b2', 'KELURAHAN KEPATIHAN KULON', '2024-11-05 04:25:06', '2024-11-05 04:25:06');
INSERT INTO `tbl_instansi` VALUES ('03be7a5f-29f3-4176-8ede-c42d9f16c05e', 'KECAMATAN SERENGAN', '2024-11-05 04:27:45', '2024-11-05 04:27:45');
INSERT INTO `tbl_instansi` VALUES ('0404ddf7-9c15-44ee-8d89-af87878d4ccd', 'KELURAHAN TIMURAN', '2024-11-05 04:24:01', '2024-11-05 04:24:01');
INSERT INTO `tbl_instansi` VALUES ('06dd1556-8cd0-420f-8adc-f29834ba7f4f', 'KELURAHAN BALUWARTI', '2024-11-05 04:25:06', '2024-11-05 04:25:06');
INSERT INTO `tbl_instansi` VALUES ('07c2b237-7f44-4889-889b-ad6923592b10', 'DISBUDPAR', '2024-11-05 04:27:45', '2024-11-05 04:27:45');
INSERT INTO `tbl_instansi` VALUES ('080dd40e-26ef-4852-8e2c-760f482a7a6e', 'KELURAHAN PANULARAN', '2024-11-05 04:24:01', '2024-11-05 04:24:01');
INSERT INTO `tbl_instansi` VALUES ('0892d0b8-a858-4d4e-a2bd-0708b1e044a8', 'KELURAHAN SANGKRAH', '2024-11-05 04:27:45', '2024-11-05 04:27:45');
INSERT INTO `tbl_instansi` VALUES ('09344a1e-2420-497b-a3c0-1bf47b78473a', 'KELURAHAN KAUMAN', '2024-11-05 04:24:01', '2024-11-05 04:24:01');
INSERT INTO `tbl_instansi` VALUES ('09bfda1b-9b0e-4e70-8799-bc689e067dca', 'KELURAHAN LAWEYAN', '2024-11-05 04:25:06', '2024-11-05 04:25:06');
INSERT INTO `tbl_instansi` VALUES ('0a02e20f-855a-44c6-ae1f-e10b484a4d35', 'KELURAHAN GANDEKAN', '2024-11-05 04:27:45', '2024-11-05 04:27:45');
INSERT INTO `tbl_instansi` VALUES ('0a5a0352-ff21-4271-9bac-3e18a1f54981', 'KELURAHAN PAJANG', '2024-11-05 04:24:01', '2024-11-05 04:24:01');
INSERT INTO `tbl_instansi` VALUES ('0b532f1d-92d6-4976-9584-9159db7cf0d6', 'KELURAHAN JAJAR', '2024-11-05 04:24:01', '2024-11-05 04:24:01');
INSERT INTO `tbl_instansi` VALUES ('0b6c1db9-1c96-40bb-9701-e22d406d9eac', 'KELURAHAN PUNGGAWAN', '2024-11-05 04:25:05', '2024-11-05 04:25:05');
INSERT INTO `tbl_instansi` VALUES ('0c62c568-9df8-4595-9496-fb8c0466f079', 'BAKESBANGPOL', '2024-11-05 04:25:06', '2024-11-05 04:25:06');
INSERT INTO `tbl_instansi` VALUES ('0dcdd8a8-56d8-45af-9330-2a9c1ca1b013', 'KELURAHAN JEBRES', '2024-11-05 04:24:01', '2024-11-05 04:24:01');
INSERT INTO `tbl_instansi` VALUES ('0eb7f9bd-10a5-4054-a6f9-56c4770d0e75', 'KELURAHAN MOJOSONGO', '2024-11-05 04:27:45', '2024-11-05 04:27:45');
INSERT INTO `tbl_instansi` VALUES ('15a1d92c-ad5b-4175-a702-97fe7354fc6b', 'KELURAHAN KAMPUNG BARU', '2024-11-05 04:24:01', '2024-11-05 04:24:01');
INSERT INTO `tbl_instansi` VALUES ('15cdd098-61b7-4344-a729-b9c48d5306e4', 'KECAMATAN JEBRES', '2024-11-05 04:27:45', '2024-11-05 04:27:45');
INSERT INTO `tbl_instansi` VALUES ('17bf3208-4a2b-45ba-8679-4a87e78d0057', 'KELURAHAN PASARKLIWON', '2024-11-05 04:24:01', '2024-11-05 04:24:01');
INSERT INTO `tbl_instansi` VALUES ('1b83d044-1ca5-48bb-95d2-693fe5e76edf', 'KELURAHAN BANJARSARI', '2024-11-05 04:25:05', '2024-11-05 04:25:05');
INSERT INTO `tbl_instansi` VALUES ('1bfff7c6-866f-4015-b694-e39226c28912', 'KELURAHAN KEMLAYAN', '2024-11-05 04:25:06', '2024-11-05 04:25:06');
INSERT INTO `tbl_instansi` VALUES ('1c578e05-3d20-4a0d-bbff-1bde71c79216', 'KELURAHAN TEGALHARJO', '2024-11-05 04:24:01', '2024-11-05 04:24:01');
INSERT INTO `tbl_instansi` VALUES ('1c8d3bc3-ee56-4212-9585-5167949078d8', 'DPMPTSP', '2024-11-05 04:27:45', '2024-11-05 04:27:45');
INSERT INTO `tbl_instansi` VALUES ('1dea27ce-4a55-4a19-9a84-d84b893416ca', 'BAPPEDA', '2024-11-05 04:27:45', '2024-11-05 04:27:45');
INSERT INTO `tbl_instansi` VALUES ('1f94af1b-cae7-48f9-bc9f-af1361e9a6f1', 'BAPENDA', '2024-11-05 04:25:06', '2024-11-05 04:25:06');
INSERT INTO `tbl_instansi` VALUES ('20d50209-5a8c-4f1f-98b0-bd408a5e1e14', 'DISDIK', '2024-11-05 04:27:45', '2024-11-05 04:27:45');
INSERT INTO `tbl_instansi` VALUES ('22a98073-2320-4c22-8c9a-b89c818267ae', 'KELURAHAN DANUKUSUMAN', '2024-11-05 04:25:06', '2024-11-05 04:25:06');
INSERT INTO `tbl_instansi` VALUES ('22b6d31d-6e73-46e2-9261-2e897aeb0409', 'DINAS KESEHATAN', '2024-11-05 04:25:06', '2024-11-05 04:25:06');
INSERT INTO `tbl_instansi` VALUES ('23b6d94c-e781-48de-9982-4e5bab9beb14', 'KELURAHAN MANAHAN', '2024-11-05 04:25:05', '2024-11-05 04:25:05');
INSERT INTO `tbl_instansi` VALUES ('24f88e4b-c007-4b93-b1ab-e8a57fbb378e', 'KELURAHAN PENUMPING', '2024-11-05 04:25:06', '2024-11-05 04:25:06');
INSERT INTO `tbl_instansi` VALUES ('260d4253-10d6-4255-8953-e84c9cab38be', 'BADAN PERENCANAAN PEMBANGUNAN DAERAH', '2024-11-05 04:24:01', '2024-11-05 04:24:01');
INSERT INTO `tbl_instansi` VALUES ('290a69a6-e5d9-49e3-9f52-a917dcd62c27', 'KELURAHAN JAGALAN', '2024-11-05 04:24:01', '2024-11-05 04:24:01');
INSERT INTO `tbl_instansi` VALUES ('2a147d92-d19d-4145-b837-51a6a63629b5', 'BPBD', '2024-11-05 04:25:06', '2024-11-05 04:25:06');
INSERT INTO `tbl_instansi` VALUES ('2c64cd42-0f43-4280-81bd-b7beb4d3696d', 'KELURAHAN KESTALAN', '2024-11-05 04:27:45', '2024-11-05 04:27:45');
INSERT INTO `tbl_instansi` VALUES ('2c86da0f-fc60-4809-b21e-fec24d1fa06e', 'BAGIAN PEREKONOMIAN DAN SDA', '2024-11-05 04:27:45', '2024-11-05 04:27:45');
INSERT INTO `tbl_instansi` VALUES ('2f1a9dd1-d6d7-4ea8-9696-f60233e4d5fd', 'DISPERSIP', '2024-11-05 04:27:45', '2024-11-05 04:27:45');
INSERT INTO `tbl_instansi` VALUES ('3232f822-d340-4540-8e05-90edc8c0701a', 'KELURAHAN SUMBER', '2024-11-05 04:25:05', '2024-11-05 04:25:05');
INSERT INTO `tbl_instansi` VALUES ('324e0011-fc2e-4b74-934d-5f3c3918e299', 'KELURAHAN KADIPIRO', '2024-11-05 04:25:05', '2024-11-05 04:25:05');
INSERT INTO `tbl_instansi` VALUES ('32a1ee4e-1030-45f1-a43c-492b9360e91e', 'KELURAHAN PUCANGSAWIT', '2024-11-05 04:25:06', '2024-11-05 04:25:06');
INSERT INTO `tbl_instansi` VALUES ('32e56a8f-5d9d-4560-8ac5-6082281ad0ae', 'KELURAHAN SETABELAN', '2024-11-05 04:24:01', '2024-11-05 04:24:01');
INSERT INTO `tbl_instansi` VALUES ('364b55c7-d740-455f-b47f-ccae11105941', 'KELURAHAN JOGLO', '2024-11-05 04:24:01', '2024-11-05 04:24:01');
INSERT INTO `tbl_instansi` VALUES ('3677247e-45d3-4505-81e1-f0c2391aed72', 'BAGIAN PROKOMPIM', '2024-11-05 04:27:45', '2024-11-05 04:27:45');
INSERT INTO `tbl_instansi` VALUES ('389c120d-a555-4b83-ab1e-30fd70449d7d', 'KELURAHAN PURWODININGRATAN', '2024-11-05 04:24:01', '2024-11-05 04:24:01');
INSERT INTO `tbl_instansi` VALUES ('3c03405d-3a1d-4adb-97f1-dd789361e608', 'KELURAHAN PURWOSARI', '2024-11-05 04:25:06', '2024-11-05 04:25:06');
INSERT INTO `tbl_instansi` VALUES ('3da26659-c615-4fe5-907d-e9292c4a9743', 'DISNAKER', '2024-11-05 04:27:45', '2024-11-05 04:27:45');
INSERT INTO `tbl_instansi` VALUES ('3e60b3fa-292d-4e1a-bb20-e6a6b92f6180', 'KELURAHAN MANGKUBUMEN', '2024-11-05 04:27:45', '2024-11-05 04:27:45');
INSERT INTO `tbl_instansi` VALUES ('4160d79f-4bcf-4749-a36b-5838e34dfa6a', 'KELURAHAN KRATONAN', '2024-11-05 04:25:06', '2024-11-05 04:25:06');
INSERT INTO `tbl_instansi` VALUES ('42ce8a59-e96a-4cc3-bc23-0cb79519b214', 'DINAS PENDIDIKAN', '2024-11-05 04:25:06', '2024-11-05 04:25:06');
INSERT INTO `tbl_instansi` VALUES ('4346008a-f91a-49e4-82b5-9c5711ae6105', 'BAGIAN KERJASAMA SEKRETARIAT DAERAH', '2024-11-05 04:27:45', '2024-11-05 04:27:45');
INSERT INTO `tbl_instansi` VALUES ('45637413-2975-460d-8217-cc2839a55b7e', 'KELURAHAN SEWU', '2024-11-05 04:25:06', '2024-11-05 04:25:06');
INSERT INTO `tbl_instansi` VALUES ('456ba9a9-5c00-4a84-b94d-0d8056a84e4b', 'KELURAHAN KEPRABON', '2024-11-05 04:25:05', '2024-11-05 04:25:05');
INSERT INTO `tbl_instansi` VALUES ('46a5f13d-384e-4b6f-b9dc-9bb84b310666', 'KELURAHAN JOYOSURAN', '2024-11-05 04:24:01', '2024-11-05 04:24:01');
INSERT INTO `tbl_instansi` VALUES ('49a26166-4283-4438-b48e-f10270b10be5', 'DP3AP2KB', '2024-11-05 04:27:45', '2024-11-05 04:27:45');
INSERT INTO `tbl_instansi` VALUES ('4c2d7682-bf82-4698-ad45-095fabafed19', 'KELURAHAN GILINGAN', '2024-11-05 04:27:45', '2024-11-05 04:27:45');
INSERT INTO `tbl_instansi` VALUES ('5452b301-4413-4212-ac7c-47bd1478bc75', 'KELURAHAN JOYOTAKAN', '2024-11-05 04:24:01', '2024-11-05 04:24:01');
INSERT INTO `tbl_instansi` VALUES ('5531cb26-e5b7-4a14-985b-35ea97ec0512', 'KELURAHAN KEDUNGLUMBU', '2024-11-05 04:24:01', '2024-11-05 04:24:01');
INSERT INTO `tbl_instansi` VALUES ('573311d8-faeb-42d1-a1d5-5fe0f77f8fb4', 'KELURAHAN SEMANGGI', '2024-11-05 04:24:01', '2024-11-05 04:24:01');
INSERT INTO `tbl_instansi` VALUES ('59603220-29ce-4aec-857a-aa8f7b2583b5', 'KELURAHAN KEPATIHAN WETAN', '2024-11-05 04:24:01', '2024-11-05 04:24:01');
INSERT INTO `tbl_instansi` VALUES ('5a2c5757-7fbf-4870-a7c3-27d74bfecb50', 'DISKOMINFO SP', '2024-11-08 01:14:25', '2024-11-08 01:14:25');
INSERT INTO `tbl_instansi` VALUES ('62741e6d-f727-4ba3-af29-830c1d270f27', 'KECAMATAN BANJARSARI', '2024-11-05 04:27:45', '2024-11-05 04:27:45');
INSERT INTO `tbl_instansi` VALUES ('66739f57-4772-41c2-bff1-98887ee82df0', 'BAGIAN UMUM', '2024-11-05 04:27:45', '2024-11-05 04:27:45');
INSERT INTO `tbl_instansi` VALUES ('69bab0a8-3564-4907-850b-bdea2a6c5d73', 'KELURAHAN KERTEN', '2024-11-05 04:25:06', '2024-11-05 04:25:06');
INSERT INTO `tbl_instansi` VALUES ('6c212c3f-4531-45f7-ab0f-ec5188e60808', 'SETWAN', '2024-11-05 04:27:45', '2024-11-05 04:27:45');
INSERT INTO `tbl_instansi` VALUES ('6f517dff-6413-4885-9f8e-d0c3ae1e9793', 'ADNAN MULYA SATYANU', '2024-11-11 13:01:09', '2024-11-11 13:01:43');
INSERT INTO `tbl_instansi` VALUES ('70e23b96-2f6d-49ac-be06-012032c1c7d8', 'KELURAHAN SONDAKAN', '2024-11-05 04:27:45', '2024-11-05 04:27:45');
INSERT INTO `tbl_instansi` VALUES ('7b0fe311-0872-4dca-a26a-941417c06c45', 'KELURAHAN NUSUKAN', '2024-11-05 04:24:01', '2024-11-05 04:24:01');
INSERT INTO `tbl_instansi` VALUES ('7b91be5b-ea11-4f3d-8be2-ba5cce796e9d', 'KELURAHAN SERENGAN', '2024-11-05 04:25:06', '2024-11-05 04:25:06');
INSERT INTO `tbl_instansi` VALUES ('80f7d8e3-e6cf-4f5f-a618-2c4db7e65f5b', 'KELURAHAN BANYUANYAR', '2024-11-05 04:24:01', '2024-11-05 04:24:01');
INSERT INTO `tbl_instansi` VALUES ('812753a2-58c0-4b03-a4b4-053d96fcb6c9', 'KELURAHAN BUMI', '2024-11-05 04:24:01', '2024-11-05 04:24:01');
INSERT INTO `tbl_instansi` VALUES ('82910f8c-110b-4e72-a4dc-41b0192d303a', 'DISDAG', '2024-11-05 04:27:45', '2024-11-05 04:27:45');
INSERT INTO `tbl_instansi` VALUES ('833631f2-487e-4026-bdaa-488ef1e67a02', 'BAGIAN KESEJAHTERAAN RAKYAT', '2024-11-05 04:27:45', '2024-11-05 04:27:45');
INSERT INTO `tbl_instansi` VALUES ('8421e9c2-0e4f-4bcc-afbf-d126f6420afd', 'SANG GATOTKOCO KEMBALI', '2024-11-13 12:20:42', '2024-11-13 12:20:42');
INSERT INTO `tbl_instansi` VALUES ('8eac0bfb-2a66-4d04-b643-36649964f46c', 'KELURAHAN MOJO', '2024-11-05 04:24:01', '2024-11-05 04:24:01');
INSERT INTO `tbl_instansi` VALUES ('8f2858db-e451-4b51-91e8-a094b700ca71', 'DINKOPUKMPERIN', '2024-11-05 04:27:45', '2024-11-05 04:27:45');
INSERT INTO `tbl_instansi` VALUES ('92799be3-e7a5-4b25-88e7-8a7fd230afc7', 'BKPSDM', '2024-11-05 04:27:45', '2024-11-05 04:27:45');
INSERT INTO `tbl_instansi` VALUES ('94001e72-c0f8-443d-ae27-5cd8c77372d9', 'BAGIAN TATA PEMERINTAHAN', '2024-11-05 04:27:45', '2024-11-05 04:27:45');
INSERT INTO `tbl_instansi` VALUES ('94679dcd-6885-490d-bc6b-98d5c9db7b05', 'DLH', '2024-11-05 04:27:45', '2024-11-05 04:27:45');
INSERT INTO `tbl_instansi` VALUES ('95deed03-171d-4127-9d20-f846c95f5082', 'KELURAHAN GAJAHAN', '2024-11-05 04:24:01', '2024-11-05 04:24:01');
INSERT INTO `tbl_instansi` VALUES ('99b603c3-993c-45e0-9ce8-a2469e01a0eb', 'BPKAD', '2024-11-05 04:25:06', '2024-11-05 04:25:06');
INSERT INTO `tbl_instansi` VALUES ('9d51d9c5-3412-4607-83cb-e286380131fd', 'KELURAHAN KETELAN', '2024-11-05 04:24:01', '2024-11-05 04:24:01');
INSERT INTO `tbl_instansi` VALUES ('9fa4e5a7-bcd0-4f7f-a4bd-8de7a4e35627', 'KELURAHAN JAYENGAN', '2024-11-05 04:25:06', '2024-11-05 04:25:06');
INSERT INTO `tbl_instansi` VALUES ('a1210c5e-1e6f-4e53-8fd3-cfabd578dd48', 'INSPEKTORAT', '2024-11-05 04:27:45', '2024-11-05 04:27:45');
INSERT INTO `tbl_instansi` VALUES ('a91dbdec-9d35-4fa1-a9f0-e2d87fc44acc', 'DISDUKCAPIL', '2024-11-05 04:27:45', '2024-11-05 04:27:45');
INSERT INTO `tbl_instansi` VALUES ('b1f2071b-3e50-4010-8490-f3c351a572ca', 'DISPANGTAN', '2024-11-05 04:27:45', '2024-11-05 04:27:45');
INSERT INTO `tbl_instansi` VALUES ('b2523b15-acb4-4a0c-95e3-0d0c9d10cdf3', 'KELURAHAN SRIWEDARI', '2024-11-05 04:25:06', '2024-11-05 04:25:06');
INSERT INTO `tbl_instansi` VALUES ('b33c9dbe-221e-4f08-aacf-21849be3a0ea', 'SATPOL PP', '2024-11-05 04:27:45', '2024-11-05 04:27:45');
INSERT INTO `tbl_instansi` VALUES ('b862f627-7ff7-481e-a979-ee580f52fd2c', 'KECAMATAN LAWEYAN', '2024-11-05 04:27:45', '2024-11-05 04:27:45');
INSERT INTO `tbl_instansi` VALUES ('c99b3445-8da6-42d1-a01f-31dc255b1480', 'BAGIAN HUKUM', '2024-11-05 04:27:45', '2024-11-05 04:27:45');
INSERT INTO `tbl_instansi` VALUES ('d230eeb0-b56a-4462-adce-621ebdc6b59d', 'DISHUB', '2024-11-05 04:27:45', '2024-11-05 04:27:45');
INSERT INTO `tbl_instansi` VALUES ('d8831bde-d449-4fef-adfb-dfedbe83cb06', 'DINKES', '2024-11-05 04:27:45', '2024-11-05 04:27:45');
INSERT INTO `tbl_instansi` VALUES ('d8832a1d-b914-4d37-b892-fa94ccfdeb69', 'DAMKAR', '2024-11-05 04:27:45', '2024-11-05 04:27:45');
INSERT INTO `tbl_instansi` VALUES ('d9585628-7579-4580-8cf3-94238af0274c', 'BLP', '2024-11-05 04:27:45', '2024-11-05 04:27:45');
INSERT INTO `tbl_instansi` VALUES ('daa4f63b-38a6-4ec9-8790-734a246c6627', 'DINSOS', '2024-11-05 04:27:45', '2024-11-05 04:27:45');
INSERT INTO `tbl_instansi` VALUES ('dbd2dcdc-98d4-4146-8a3a-067e6c6e7914', 'KECAMATAN PASAR KLIWON', '2024-11-05 04:27:45', '2024-11-05 04:27:45');
INSERT INTO `tbl_instansi` VALUES ('ea428dcb-6e99-4ced-a203-c42c3d963b6e', 'BAGIAN ADMINISTRASI PEMBANGUNAN', '2024-11-05 04:27:45', '2024-11-05 04:27:45');
INSERT INTO `tbl_instansi` VALUES ('ef738b84-a69e-49ac-beb1-2413a4685f49', 'BADAN PENDAPATAN DAERAH', '2024-11-05 04:24:01', '2024-11-05 04:24:01');
INSERT INTO `tbl_instansi` VALUES ('f3a31836-c56f-4e1d-9ef5-b196d215f915', 'BAGIAN ORGANISASI', '2024-11-05 04:27:45', '2024-11-05 04:27:45');
INSERT INTO `tbl_instansi` VALUES ('f5621f63-4e52-4b54-b5da-963161d88895', 'DISPORA', '2024-11-05 04:27:45', '2024-11-05 04:27:45');
INSERT INTO `tbl_instansi` VALUES ('f70aac61-0858-4aa0-ac7f-091822d519ee', 'DISPERKIMTAN', '2024-11-05 04:27:45', '2024-11-05 04:27:45');

-- ----------------------------
-- Table structure for tbl_kode_akun
-- ----------------------------
DROP TABLE IF EXISTS `tbl_kode_akun`;
CREATE TABLE `tbl_kode_akun`  (
  `id` char(36) CHARACTER SET utf8mb4 COLLATE utf8mb4_unicode_ci NOT NULL,
  `nama_akun` varchar(255) CHARACTER SET utf8mb4 COLLATE utf8mb4_unicode_ci NOT NULL,
  `created_at` timestamp(0) NULL DEFAULT NULL,
  `updated_at` timestamp(0) NULL DEFAULT NULL,
  PRIMARY KEY (`id`) USING BTREE
) ENGINE = InnoDB CHARACTER SET = utf8mb4 COLLATE = utf8mb4_unicode_ci ROW_FORMAT = Dynamic;

-- ----------------------------
-- Records of tbl_kode_akun
-- ----------------------------
INSERT INTO `tbl_kode_akun` VALUES ('10dc53a2-2092-426f-b573-523a0de3f584', 'SPANDUK', '2024-12-27 11:01:04', '2024-12-27 11:01:04');
INSERT INTO `tbl_kode_akun` VALUES ('11e983f9-1fa3-4ff0-9a77-b802e6be781c', 'BALIHO', '2024-12-27 11:00:44', '2024-12-27 11:00:44');
INSERT INTO `tbl_kode_akun` VALUES ('c26a2618-0d1a-43ab-a95d-851c39acc82b', 'SIARAN RADIO', '2024-12-27 11:00:58', '2024-12-27 11:00:58');
INSERT INTO `tbl_kode_akun` VALUES ('e9242fdd-d12f-4bb8-91e6-4adf90fca7fc', 'SIARAN KELILING', '2024-12-27 11:00:51', '2024-12-27 11:00:51');

-- ----------------------------
-- Table structure for tbl_lvl
-- ----------------------------
DROP TABLE IF EXISTS `tbl_lvl`;
CREATE TABLE `tbl_lvl`  (
  `id` char(36) CHARACTER SET utf8mb4 COLLATE utf8mb4_unicode_ci NOT NULL,
  `level` char(36) CHARACTER SET utf8mb4 COLLATE utf8mb4_unicode_ci NOT NULL,
  `created_at` timestamp(0) NULL DEFAULT NULL,
  `updated_at` timestamp(0) NULL DEFAULT NULL,
  PRIMARY KEY (`id`) USING BTREE
) ENGINE = InnoDB CHARACTER SET = utf8mb4 COLLATE = utf8mb4_unicode_ci ROW_FORMAT = Dynamic;

-- ----------------------------
-- Records of tbl_lvl
-- ----------------------------
INSERT INTO `tbl_lvl` VALUES ('69d12f23-f06e-4035-b5a7-24efd1a6aa47', 'USER', '2024-11-05 07:08:33', '2024-11-05 07:08:33');
INSERT INTO `tbl_lvl` VALUES ('6b253084-0274-4b22-8536-17593edc4701', 'SA', '2024-11-05 06:46:39', '2024-11-05 06:46:39');
INSERT INTO `tbl_lvl` VALUES ('c484616e-54f5-4a1e-a0db-fa926ccf85bf', 'ADMIN', '2024-11-05 07:08:26', '2024-11-05 07:08:26');

-- ----------------------------
-- Table structure for tbl_pesan
-- ----------------------------
DROP TABLE IF EXISTS `tbl_pesan`;
CREATE TABLE `tbl_pesan`  (
  `id` char(36) CHARACTER SET utf8mb4 COLLATE utf8mb4_unicode_ci NOT NULL,
  `kode_trans` char(255) CHARACTER SET utf8mb4 COLLATE utf8mb4_unicode_ci NULL DEFAULT NULL,
  `baliho_id` char(36) CHARACTER SET utf8mb4 COLLATE utf8mb4_unicode_ci NOT NULL,
  `user_id` char(36) CHARACTER SET utf8mb4 COLLATE utf8mb4_unicode_ci NOT NULL,
  `instansi_id` char(36) CHARACTER SET utf8mb4 COLLATE utf8mb4_unicode_ci NOT NULL,
  `level_id` char(36) CHARACTER SET utf8mb4 COLLATE utf8mb4_unicode_ci NOT NULL,
  `tanggal_mulai` date NULL DEFAULT NULL,
  `tanggal_selesai` date NULL DEFAULT NULL,
  `keterangan_event` text CHARACTER SET utf8mb4 COLLATE utf8mb4_unicode_ci NULL,
  `upload_surat` varchar(255) CHARACTER SET utf8mb4 COLLATE utf8mb4_unicode_ci NULL DEFAULT NULL,
  `no_surat` varchar(255) CHARACTER SET utf8mb4 COLLATE utf8mb4_unicode_ci NULL DEFAULT NULL,
  `tgl_surat` date NULL DEFAULT NULL,
  `perihal_surat` varchar(255) CHARACTER SET utf8mb4 COLLATE utf8mb4_unicode_ci NULL DEFAULT NULL,
  `upload_desain` varchar(255) CHARACTER SET utf8mb4 COLLATE utf8mb4_unicode_ci NULL DEFAULT NULL,
  `upload_lepas_baliho` varchar(255) CHARACTER SET utf8mb4 COLLATE utf8mb4_unicode_ci NULL DEFAULT NULL,
  `nama_pic` varchar(255) CHARACTER SET utf8mb4 COLLATE utf8mb4_unicode_ci NULL DEFAULT NULL,
  `tlp_pic` varchar(255) CHARACTER SET utf8mb4 COLLATE utf8mb4_unicode_ci NULL DEFAULT NULL,
  `status_pakai` int NULL DEFAULT NULL,
  `created_at` timestamp(0) NULL DEFAULT NULL,
  `updated_at` timestamp(0) NULL DEFAULT NULL,
  PRIMARY KEY (`id`) USING BTREE,
  INDEX `tbl_pesan_user_id_foreign`(`user_id`) USING BTREE,
  INDEX `tbl_pesan_baliho_id_foreign`(`baliho_id`) USING BTREE,
  INDEX `tbl_pesan_level_id_foreign`(`level_id`) USING BTREE,
  INDEX `tbl_pesan_instansi_id_foreign`(`instansi_id`) USING BTREE,
  INDEX `kode_trans`(`kode_trans`) USING BTREE,
  CONSTRAINT `tbl_pesan_baliho_id_foreign` FOREIGN KEY (`baliho_id`) REFERENCES `tbl_baliho` (`id`) ON DELETE CASCADE ON UPDATE RESTRICT,
  CONSTRAINT `tbl_pesan_instansi_id_foreign` FOREIGN KEY (`instansi_id`) REFERENCES `tbl_instansi` (`id`) ON DELETE CASCADE ON UPDATE RESTRICT,
  CONSTRAINT `tbl_pesan_level_id_foreign` FOREIGN KEY (`level_id`) REFERENCES `tbl_lvl` (`id`) ON DELETE CASCADE ON UPDATE RESTRICT,
  CONSTRAINT `tbl_pesan_user_id_foreign` FOREIGN KEY (`user_id`) REFERENCES `users` (`id`) ON DELETE CASCADE ON UPDATE RESTRICT
) ENGINE = InnoDB CHARACTER SET = utf8mb4 COLLATE = utf8mb4_unicode_ci ROW_FORMAT = Dynamic;

-- ----------------------------
-- Records of tbl_pesan
-- ----------------------------
INSERT INTO `tbl_pesan` VALUES ('088de658-95f9-4b20-8807-5dd7858db921', '202502211103y0gM', '91053293-8cb9-44c3-bdce-8e69f9e4105b', 'cd896219-001f-45c3-981b-b59fdfa93b14', '0329ca40-98d4-44e0-b2ce-b0c30778d0b2', '6b253084-0274-4b22-8536-17593edc4701', '2025-02-23', '2025-02-28', 'ACARA BAKAR SURAKARTA', 'surat_permohonan/rxBDpEM6maOp5o0zGeWx3aDITpoWKXpRLVvKqLs1.pdf', 'TOKEK1234', '2025-02-20', 'FASILITASI BALIHO', 'desain_baliho/bUWvCBduknSNEpFsNmit7dpzByAgZwDd97EIhNZp.png', 'upload_lepas_baliho/CnHD4qSpOyXgezKTvYeQav8rjN00gzU2FbhBkjIB.png', 'PENGELOLA SISTEM MESI', '02712941667', 1, '2025-02-21 11:03:36', '2025-02-21 11:03:36');
INSERT INTO `tbl_pesan` VALUES ('08e0f7b0-23fb-4302-9acf-9ef44fde2a2c', '202502211103y0gM', 'aacebd1f-b0d0-4f58-ae6a-6f24b6ec4248', 'cd896219-001f-45c3-981b-b59fdfa93b14', '0329ca40-98d4-44e0-b2ce-b0c30778d0b2', '6b253084-0274-4b22-8536-17593edc4701', '2025-02-23', '2025-02-28', 'ACARA BAKAR SURAKARTA', 'surat_permohonan/rxBDpEM6maOp5o0zGeWx3aDITpoWKXpRLVvKqLs1.pdf', 'TOKEK1234', '2025-02-20', 'FASILITASI BALIHO', 'desain_baliho/bUWvCBduknSNEpFsNmit7dpzByAgZwDd97EIhNZp.png', 'upload_lepas_baliho/CnHD4qSpOyXgezKTvYeQav8rjN00gzU2FbhBkjIB.png', 'PENGELOLA SISTEM MESI', '02712941667', 1, '2025-02-21 11:03:36', '2025-02-21 11:03:36');
INSERT INTO `tbl_pesan` VALUES ('0dbd30ba-844e-418d-8eaa-1e3c1903ab9d', '202502211103y0gM', '35c9c8b4-b835-4da6-a94f-d9ee3e7b6384', 'cd896219-001f-45c3-981b-b59fdfa93b14', '0329ca40-98d4-44e0-b2ce-b0c30778d0b2', '6b253084-0274-4b22-8536-17593edc4701', '2025-02-23', '2025-02-28', 'ACARA BAKAR SURAKARTA', 'surat_permohonan/rxBDpEM6maOp5o0zGeWx3aDITpoWKXpRLVvKqLs1.pdf', 'TOKEK1234', '2025-02-20', 'FASILITASI BALIHO', 'desain_baliho/bUWvCBduknSNEpFsNmit7dpzByAgZwDd97EIhNZp.png', 'upload_lepas_baliho/CnHD4qSpOyXgezKTvYeQav8rjN00gzU2FbhBkjIB.png', 'PENGELOLA SISTEM MESI', '02712941667', 1, '2025-02-21 11:03:36', '2025-02-21 11:03:36');
INSERT INTO `tbl_pesan` VALUES ('1b250e2f-ffe6-4c63-ba17-af05ae3509ba', '202502211103y0gM', '894844c4-d447-4bce-804c-456a1704b0b9', 'cd896219-001f-45c3-981b-b59fdfa93b14', '0329ca40-98d4-44e0-b2ce-b0c30778d0b2', '6b253084-0274-4b22-8536-17593edc4701', '2025-02-23', '2025-02-28', 'ACARA BAKAR SURAKARTA', 'surat_permohonan/rxBDpEM6maOp5o0zGeWx3aDITpoWKXpRLVvKqLs1.pdf', 'TOKEK1234', '2025-02-20', 'FASILITASI BALIHO', 'desain_baliho/bUWvCBduknSNEpFsNmit7dpzByAgZwDd97EIhNZp.png', 'upload_lepas_baliho/CnHD4qSpOyXgezKTvYeQav8rjN00gzU2FbhBkjIB.png', 'PENGELOLA SISTEM MESI', '02712941667', 1, '2025-02-21 11:03:36', '2025-02-21 11:03:36');
INSERT INTO `tbl_pesan` VALUES ('26233187-0d24-4d4b-a841-573fb7bb0b26', '202502211103y0gM', '6a30c864-17ec-4839-915f-ac98af6b9596', 'cd896219-001f-45c3-981b-b59fdfa93b14', '0329ca40-98d4-44e0-b2ce-b0c30778d0b2', '6b253084-0274-4b22-8536-17593edc4701', '2025-02-23', '2025-02-28', 'ACARA BAKAR SURAKARTA', 'surat_permohonan/rxBDpEM6maOp5o0zGeWx3aDITpoWKXpRLVvKqLs1.pdf', 'TOKEK1234', '2025-02-20', 'FASILITASI BALIHO', 'desain_baliho/bUWvCBduknSNEpFsNmit7dpzByAgZwDd97EIhNZp.png', 'upload_lepas_baliho/CnHD4qSpOyXgezKTvYeQav8rjN00gzU2FbhBkjIB.png', 'PENGELOLA SISTEM MESI', '02712941667', 1, '2025-02-21 11:03:36', '2025-02-21 11:03:36');
INSERT INTO `tbl_pesan` VALUES ('34bf2670-2dcd-4b30-8284-133c1723312f', '202502211103y0gM', '7c27b86d-2dca-4509-a8d0-99e41d19a611', 'cd896219-001f-45c3-981b-b59fdfa93b14', '0329ca40-98d4-44e0-b2ce-b0c30778d0b2', '6b253084-0274-4b22-8536-17593edc4701', '2025-02-23', '2025-02-28', 'ACARA BAKAR SURAKARTA', 'surat_permohonan/rxBDpEM6maOp5o0zGeWx3aDITpoWKXpRLVvKqLs1.pdf', 'TOKEK1234', '2025-02-20', 'FASILITASI BALIHO', 'desain_baliho/bUWvCBduknSNEpFsNmit7dpzByAgZwDd97EIhNZp.png', 'upload_lepas_baliho/CnHD4qSpOyXgezKTvYeQav8rjN00gzU2FbhBkjIB.png', 'PENGELOLA SISTEM MESI', '02712941667', 1, '2025-02-21 11:03:36', '2025-02-21 11:03:36');
INSERT INTO `tbl_pesan` VALUES ('400e9d39-ca0e-4248-85ae-c9349dbea2b9', '202502211103y0gM', '6f1b5f85-bb89-476b-b2ed-f20c675d3096', 'cd896219-001f-45c3-981b-b59fdfa93b14', '0329ca40-98d4-44e0-b2ce-b0c30778d0b2', '6b253084-0274-4b22-8536-17593edc4701', '2025-02-23', '2025-02-28', 'ACARA BAKAR SURAKARTA', 'surat_permohonan/rxBDpEM6maOp5o0zGeWx3aDITpoWKXpRLVvKqLs1.pdf', 'TOKEK1234', '2025-02-20', 'FASILITASI BALIHO', 'desain_baliho/bUWvCBduknSNEpFsNmit7dpzByAgZwDd97EIhNZp.png', 'upload_lepas_baliho/CnHD4qSpOyXgezKTvYeQav8rjN00gzU2FbhBkjIB.png', 'PENGELOLA SISTEM MESI', '02712941667', 1, '2025-02-21 11:03:36', '2025-02-21 11:03:36');
INSERT INTO `tbl_pesan` VALUES ('44a1d24a-ff13-4d6c-9dd4-3ffd0ddaf580', '202502211103y0gM', 'e586a243-f499-45e1-b16d-90f194039574', 'cd896219-001f-45c3-981b-b59fdfa93b14', '0329ca40-98d4-44e0-b2ce-b0c30778d0b2', '6b253084-0274-4b22-8536-17593edc4701', '2025-02-23', '2025-02-28', 'ACARA BAKAR SURAKARTA', 'surat_permohonan/rxBDpEM6maOp5o0zGeWx3aDITpoWKXpRLVvKqLs1.pdf', 'TOKEK1234', '2025-02-20', 'FASILITASI BALIHO', 'desain_baliho/bUWvCBduknSNEpFsNmit7dpzByAgZwDd97EIhNZp.png', 'upload_lepas_baliho/CnHD4qSpOyXgezKTvYeQav8rjN00gzU2FbhBkjIB.png', 'PENGELOLA SISTEM MESI', '02712941667', 1, '2025-02-21 11:03:36', '2025-02-21 11:03:36');
INSERT INTO `tbl_pesan` VALUES ('7c04387a-012a-45bf-a4d4-76bcc773dda7', '202502211103y0gM', '1f8e00a9-6cd8-4cdc-a7a1-32979eed4007', 'cd896219-001f-45c3-981b-b59fdfa93b14', '0329ca40-98d4-44e0-b2ce-b0c30778d0b2', '6b253084-0274-4b22-8536-17593edc4701', '2025-02-23', '2025-02-28', 'ACARA BAKAR SURAKARTA', 'surat_permohonan/rxBDpEM6maOp5o0zGeWx3aDITpoWKXpRLVvKqLs1.pdf', 'TOKEK1234', '2025-02-20', 'FASILITASI BALIHO', 'desain_baliho/bUWvCBduknSNEpFsNmit7dpzByAgZwDd97EIhNZp.png', 'upload_lepas_baliho/CnHD4qSpOyXgezKTvYeQav8rjN00gzU2FbhBkjIB.png', 'PENGELOLA SISTEM MESI', '02712941667', 1, '2025-02-21 11:03:36', '2025-02-21 11:03:36');
INSERT INTO `tbl_pesan` VALUES ('8f9718aa-9a2d-4cc5-8ab1-fd234c595140', '202502211103y0gM', 'ec089938-c88d-4493-ab70-d1fd008559cd', 'cd896219-001f-45c3-981b-b59fdfa93b14', '0329ca40-98d4-44e0-b2ce-b0c30778d0b2', '6b253084-0274-4b22-8536-17593edc4701', '2025-02-23', '2025-02-28', 'ACARA BAKAR SURAKARTA', 'surat_permohonan/rxBDpEM6maOp5o0zGeWx3aDITpoWKXpRLVvKqLs1.pdf', 'TOKEK1234', '2025-02-20', 'FASILITASI BALIHO', 'desain_baliho/bUWvCBduknSNEpFsNmit7dpzByAgZwDd97EIhNZp.png', 'upload_lepas_baliho/CnHD4qSpOyXgezKTvYeQav8rjN00gzU2FbhBkjIB.png', 'PENGELOLA SISTEM MESI', '02712941667', 1, '2025-02-21 11:03:36', '2025-02-21 11:03:36');
INSERT INTO `tbl_pesan` VALUES ('d1999659-ba39-44cb-bb4e-27067b6ccf2a', '202502211103y0gM', 'd836cbd0-007e-4df7-81bf-9196a9e03d78', 'cd896219-001f-45c3-981b-b59fdfa93b14', '0329ca40-98d4-44e0-b2ce-b0c30778d0b2', '6b253084-0274-4b22-8536-17593edc4701', '2025-02-23', '2025-02-28', 'ACARA BAKAR SURAKARTA', 'surat_permohonan/rxBDpEM6maOp5o0zGeWx3aDITpoWKXpRLVvKqLs1.pdf', 'TOKEK1234', '2025-02-20', 'FASILITASI BALIHO', 'desain_baliho/bUWvCBduknSNEpFsNmit7dpzByAgZwDd97EIhNZp.png', 'upload_lepas_baliho/CnHD4qSpOyXgezKTvYeQav8rjN00gzU2FbhBkjIB.png', 'PENGELOLA SISTEM MESI', '02712941667', 1, '2025-02-21 11:03:36', '2025-02-21 11:03:36');
INSERT INTO `tbl_pesan` VALUES ('da5e0189-6bcf-4bbf-91b5-1a4178acb088', '202502211103y0gM', 'e45a201f-e39b-4a49-a520-12845e356bf0', 'cd896219-001f-45c3-981b-b59fdfa93b14', '0329ca40-98d4-44e0-b2ce-b0c30778d0b2', '6b253084-0274-4b22-8536-17593edc4701', '2025-02-23', '2025-02-28', 'ACARA BAKAR SURAKARTA', 'surat_permohonan/rxBDpEM6maOp5o0zGeWx3aDITpoWKXpRLVvKqLs1.pdf', 'TOKEK1234', '2025-02-20', 'FASILITASI BALIHO', 'desain_baliho/bUWvCBduknSNEpFsNmit7dpzByAgZwDd97EIhNZp.png', 'upload_lepas_baliho/CnHD4qSpOyXgezKTvYeQav8rjN00gzU2FbhBkjIB.png', 'PENGELOLA SISTEM MESI', '02712941667', 1, '2025-02-21 11:03:36', '2025-02-21 11:03:36');
INSERT INTO `tbl_pesan` VALUES ('ee58ed28-96fc-4bcd-ae3f-e1568e049d1b', '202502211107gevt', '1f8e00a9-6cd8-4cdc-a7a1-32979eed4007', 'cd896219-001f-45c3-981b-b59fdfa93b14', '1c578e05-3d20-4a0d-bbff-1bde71c79216', '6b253084-0274-4b22-8536-17593edc4701', '2025-03-02', '2025-03-08', 'UCAPAN NATARU', 'surat_permohonan/Jic9H7GggD7hfvu5Al9PPwjxSlO2aCow7jBjr5bA.pdf', '32434', '2025-02-19', 'BERAS', 'desain_baliho/Dj0q8J4gjDDgYdcXWoNhO5unQVAZuZyp1lKFawKu.png', 'upload_lepas_baliho/buClpjrwzhiW9gF0mRFgdOdFFJX4U8BQtrEtXoVE.png', 'MONYET LOMPAT', '081223555545', 1, '2025-02-21 11:07:56', '2025-02-21 11:07:56');
INSERT INTO `tbl_pesan` VALUES ('f8d6c88e-0b00-44c2-adf2-08699f328f18', '202502211103y0gM', '57cf08bf-56f3-4953-a075-8895495dde49', 'cd896219-001f-45c3-981b-b59fdfa93b14', '0329ca40-98d4-44e0-b2ce-b0c30778d0b2', '6b253084-0274-4b22-8536-17593edc4701', '2025-02-23', '2025-02-28', 'ACARA BAKAR SURAKARTA', 'surat_permohonan/rxBDpEM6maOp5o0zGeWx3aDITpoWKXpRLVvKqLs1.pdf', 'TOKEK1234', '2025-02-20', 'FASILITASI BALIHO', 'desain_baliho/bUWvCBduknSNEpFsNmit7dpzByAgZwDd97EIhNZp.png', 'upload_lepas_baliho/CnHD4qSpOyXgezKTvYeQav8rjN00gzU2FbhBkjIB.png', 'PENGELOLA SISTEM MESI', '02712941667', 1, '2025-02-21 11:03:36', '2025-02-21 11:03:36');

-- ----------------------------
-- Table structure for tbl_usaha_rudapaksa
-- ----------------------------
DROP TABLE IF EXISTS `tbl_usaha_rudapaksa`;
CREATE TABLE `tbl_usaha_rudapaksa`  (
  `id` char(36) CHARACTER SET utf8mb4 COLLATE utf8mb4_unicode_ci NOT NULL,
  `success` tinyint(1) NOT NULL,
  `ip_address` varchar(45) CHARACTER SET utf8mb4 COLLATE utf8mb4_unicode_ci NULL DEFAULT NULL,
  `user_agent` text CHARACTER SET utf8mb4 COLLATE utf8mb4_unicode_ci NULL,
  `attempted_at` timestamp(0) NOT NULL DEFAULT CURRENT_TIMESTAMP(0),
  `created_at` timestamp(0) NULL DEFAULT NULL,
  `updated_at` timestamp(0) NULL DEFAULT NULL,
  `username` varchar(50) CHARACTER SET utf8mb4 COLLATE utf8mb4_unicode_ci NOT NULL,
  PRIMARY KEY (`id`) USING BTREE
) ENGINE = InnoDB CHARACTER SET = utf8mb4 COLLATE = utf8mb4_unicode_ci ROW_FORMAT = Dynamic;

-- ----------------------------
-- Records of tbl_usaha_rudapaksa
-- ----------------------------
INSERT INTO `tbl_usaha_rudapaksa` VALUES ('02101e07-719e-4da4-aaf4-cf8491478407', 1, '127.0.0.1', 'Mozilla/5.0 (Windows NT 10.0; Win64; x64; rv:133.0) Gecko/20100101 Firefox/133.0', '2024-12-20 09:37:37', '2024-12-20 09:37:37', '2024-12-20 09:37:37', 'kardusimajinasi');
INSERT INTO `tbl_usaha_rudapaksa` VALUES ('02da03e0-30a2-4adf-9b69-bbc4bd4760a7', 1, '127.0.0.1', 'Mozilla/5.0 (Windows NT 10.0; Win64; x64; rv:133.0) Gecko/20100101 Firefox/133.0', '2024-12-20 18:46:07', '2024-12-20 18:46:07', '2024-12-20 18:46:07', 'kardusimajinasi');
INSERT INTO `tbl_usaha_rudapaksa` VALUES ('035c9f33-9af6-4272-9bac-643166113ef2', 1, '127.0.0.1', 'Mozilla/5.0 (Windows NT 10.0; Win64; x64; rv:133.0) Gecko/20100101 Firefox/133.0', '2024-12-21 12:59:07', '2024-12-21 12:59:07', '2024-12-21 12:59:07', 'kardusimajinasi');
INSERT INTO `tbl_usaha_rudapaksa` VALUES ('050b6007-03ba-4e55-b38b-e9851f933b02', 1, '127.0.0.1', 'Mozilla/5.0 (Windows NT 10.0; Win64; x64; rv:133.0) Gecko/20100101 Firefox/133.0', '2024-12-21 12:21:27', '2024-12-21 12:21:27', '2024-12-21 12:21:27', 'kardusimajinasi');
INSERT INTO `tbl_usaha_rudapaksa` VALUES ('052a62ba-f5aa-44ec-97b6-8caabde302ef', 1, '127.0.0.1', 'Mozilla/5.0 (Windows NT 10.0; Win64; x64; rv:133.0) Gecko/20100101 Firefox/133.0', '2024-12-09 16:03:50', '2024-12-09 16:03:50', '2024-12-09 16:03:50', '');
INSERT INTO `tbl_usaha_rudapaksa` VALUES ('07a76bf6-418c-4872-a8d4-bbb4768336cb', 1, '192.168.27.77', 'Mozilla/5.0 (Windows NT 10.0; Win64; x64; rv:133.0) Gecko/20100101 Firefox/133.0', '2024-12-04 14:14:30', '2024-12-04 14:14:30', '2024-12-04 14:14:30', '');
INSERT INTO `tbl_usaha_rudapaksa` VALUES ('08455076-396b-4636-b4ce-b47efd6ab57d', 1, '127.0.0.1', 'Mozilla/5.0 (Windows NT 10.0; Win64; x64; rv:133.0) Gecko/20100101 Firefox/133.0', '2024-12-10 15:16:42', '2024-12-10 15:16:42', '2024-12-10 15:16:42', '');
INSERT INTO `tbl_usaha_rudapaksa` VALUES ('0f539d3c-1437-4bd1-ac21-5e54d95f591b', 1, '127.0.0.1', 'Mozilla/5.0 (Windows NT 10.0; Win64; x64; rv:133.0) Gecko/20100101 Firefox/133.0', '2024-12-21 23:01:07', '2024-12-21 23:01:07', '2024-12-21 23:01:07', 'dpupr');
INSERT INTO `tbl_usaha_rudapaksa` VALUES ('0f6a256a-1273-40e4-bcc1-94bd46394a22', 1, '127.0.0.1', 'Mozilla/5.0 (Windows NT 10.0; Win64; x64; rv:133.0) Gecko/20100101 Firefox/133.0', '2024-12-12 07:32:37', '2024-12-12 07:32:37', '2024-12-12 07:32:37', '');
INSERT INTO `tbl_usaha_rudapaksa` VALUES ('0fb45b6f-2efd-42a6-b0c3-47d07a7fed93', 1, '127.0.0.1', 'Mozilla/5.0 (Windows NT 10.0; Win64; x64; rv:133.0) Gecko/20100101 Firefox/133.0', '2024-12-21 20:27:55', '2024-12-21 20:27:55', '2024-12-21 20:27:55', 'kardusimajinasi');
INSERT INTO `tbl_usaha_rudapaksa` VALUES ('10f038af-708c-4dcb-8e7a-1991bfabeab9', 1, '127.0.0.1', 'Mozilla/5.0 (Windows NT 10.0; Win64; x64; rv:133.0) Gecko/20100101 Firefox/133.0', '2024-12-08 09:32:43', '2024-12-08 09:32:43', '2024-12-08 09:32:43', '');
INSERT INTO `tbl_usaha_rudapaksa` VALUES ('15e27c7c-7205-4c7d-8dc4-e35e8d3335e2', 1, '192.168.27.77', 'Mozilla/5.0 (Windows NT 10.0; Win64; x64; rv:133.0) Gecko/20100101 Firefox/133.0', '2024-12-04 14:35:22', '2024-12-04 14:35:22', '2024-12-04 14:35:22', '');
INSERT INTO `tbl_usaha_rudapaksa` VALUES ('17da523d-0bac-4b8a-97ef-346488c90a52', 1, '127.0.0.1', 'Mozilla/5.0 (Windows NT 10.0; Win64; x64; rv:133.0) Gecko/20100101 Firefox/133.0', '2024-12-11 14:13:10', '2024-12-11 14:13:10', '2024-12-11 14:13:10', '');
INSERT INTO `tbl_usaha_rudapaksa` VALUES ('19255ea0-f1b5-4aa9-ae47-69f967a13e08', 1, '127.0.0.1', 'Mozilla/5.0 (Windows NT 10.0; Win64; x64; rv:133.0) Gecko/20100101 Firefox/133.0', '2024-12-10 15:25:06', '2024-12-10 15:25:06', '2024-12-10 15:25:06', '');
INSERT INTO `tbl_usaha_rudapaksa` VALUES ('1a709e4c-abc4-424c-b783-8691bd2cf0e6', 1, '127.0.0.1', 'Mozilla/5.0 (Windows NT 10.0; Win64; x64; rv:133.0) Gecko/20100101 Firefox/133.0', '2024-12-03 09:55:32', NULL, NULL, '');
INSERT INTO `tbl_usaha_rudapaksa` VALUES ('1cca2b5d-ea9b-447d-b719-8081bb9b50be', 1, '127.0.0.1', 'Mozilla/5.0 (Windows NT 10.0; Win64; x64; rv:133.0) Gecko/20100101 Firefox/133.0', '2024-12-03 10:00:46', '2024-12-03 10:00:46', '2024-12-03 10:00:46', '');
INSERT INTO `tbl_usaha_rudapaksa` VALUES ('1d97d93c-2ce5-4883-bb7c-10036d6016d2', 1, '127.0.0.1', 'Mozilla/5.0 (Windows NT 10.0; Win64; x64; rv:133.0) Gecko/20100101 Firefox/133.0', '2024-12-21 22:51:08', '2024-12-21 22:51:08', '2024-12-21 22:51:08', 'dpupr');
INSERT INTO `tbl_usaha_rudapaksa` VALUES ('1e3fa64a-e326-4886-8bd0-f7fd71a57cb6', 1, '127.0.0.1', 'Mozilla/5.0 (Windows NT 10.0; Win64; x64; rv:133.0) Gecko/20100101 Firefox/133.0', '2024-12-05 15:13:45', '2024-12-05 15:13:45', '2024-12-05 15:13:45', '');
INSERT INTO `tbl_usaha_rudapaksa` VALUES ('1e797fd4-976b-4fb4-b556-fe0de4d3e0ea', 1, '127.0.0.1', 'Mozilla/5.0 (Windows NT 10.0; Win64; x64; rv:133.0) Gecko/20100101 Firefox/133.0', '2024-12-20 18:48:23', '2024-12-20 18:48:23', '2024-12-20 18:48:23', 'kardusimajinasi');
INSERT INTO `tbl_usaha_rudapaksa` VALUES ('20454609-b883-48db-b211-04e940f50b5d', 1, '192.168.27.77', 'Mozilla/5.0 (Windows NT 10.0; Win64; x64; rv:133.0) Gecko/20100101 Firefox/133.0', '2024-12-04 09:41:54', '2024-12-04 09:41:54', '2024-12-04 09:41:54', '');
INSERT INTO `tbl_usaha_rudapaksa` VALUES ('22344bd7-b231-40e5-b5f1-05741c75741b', 1, '127.0.0.1', 'Mozilla/5.0 (Windows NT 10.0; Win64; x64; rv:133.0) Gecko/20100101 Firefox/133.0', '2024-12-21 22:52:38', '2024-12-21 22:52:38', '2024-12-21 22:52:38', 'dpupr');
INSERT INTO `tbl_usaha_rudapaksa` VALUES ('235b5acf-3023-4dfa-869a-bb7e5a9c455c', 1, '127.0.0.1', 'Mozilla/5.0 (Windows NT 10.0; Win64; x64; rv:133.0) Gecko/20100101 Firefox/133.0', '2024-12-21 22:57:09', '2024-12-21 22:57:09', '2024-12-21 22:57:09', 'kardusimajinasi');
INSERT INTO `tbl_usaha_rudapaksa` VALUES ('246407d0-dff0-4715-82e2-6d9ae757a08f', 1, '127.0.0.1', 'Mozilla/5.0 (Windows NT 10.0; Win64; x64; rv:133.0) Gecko/20100101 Firefox/133.0', '2024-12-21 12:56:35', '2024-12-21 12:56:35', '2024-12-21 12:56:35', 'kardusimajinasi');
INSERT INTO `tbl_usaha_rudapaksa` VALUES ('261437ce-86d4-47ee-80a2-2655ec9de316', 1, '192.168.27.77', 'Mozilla/5.0 (Windows NT 10.0; Win64; x64; rv:133.0) Gecko/20100101 Firefox/133.0', '2024-12-04 14:25:34', '2024-12-04 14:25:34', '2024-12-04 14:25:34', '');
INSERT INTO `tbl_usaha_rudapaksa` VALUES ('26148542-9700-453b-ac98-8a1f973f4408', 1, '127.0.0.1', 'Mozilla/5.0 (Windows NT 10.0; Win64; x64; rv:133.0) Gecko/20100101 Firefox/133.0', '2024-12-16 13:10:44', '2024-12-16 13:10:44', '2024-12-16 13:10:44', 'kardusimajinasi');
INSERT INTO `tbl_usaha_rudapaksa` VALUES ('2652a541-da4b-460d-b65b-fd61a2e5b902', 1, '127.0.0.1', 'Mozilla/5.0 (Windows NT 10.0; Win64; x64; rv:133.0) Gecko/20100101 Firefox/133.0', '2024-12-20 18:36:01', '2024-12-20 18:36:01', '2024-12-20 18:36:01', 'kardusimajinasi');
INSERT INTO `tbl_usaha_rudapaksa` VALUES ('2659dcd5-263a-404c-83a3-6dff12696836', 1, '127.0.0.1', 'Mozilla/5.0 (Windows NT 10.0; Win64; x64; rv:133.0) Gecko/20100101 Firefox/133.0', '2024-12-16 15:58:24', '2024-12-16 15:58:24', '2024-12-16 15:58:24', 'kardusimajinasi');
INSERT INTO `tbl_usaha_rudapaksa` VALUES ('27497053-e7e5-4347-bee8-2c9d4a447bef', 1, '127.0.0.1', 'Mozilla/5.0 (Windows NT 10.0; Win64; x64; rv:133.0) Gecko/20100101 Firefox/133.0', '2024-12-16 11:05:56', '2024-12-16 11:05:56', '2024-12-16 11:05:56', 'kardusimajinasi');
INSERT INTO `tbl_usaha_rudapaksa` VALUES ('29f41b5e-fccd-46d1-8d95-ed3e9e95312e', 1, '127.0.0.1', 'Mozilla/5.0 (Windows NT 10.0; Win64; x64; rv:133.0) Gecko/20100101 Firefox/133.0', '2024-12-03 09:56:31', NULL, NULL, '');
INSERT INTO `tbl_usaha_rudapaksa` VALUES ('30ac42ad-32a9-40cc-b898-83b13478280b', 1, '127.0.0.1', 'Mozilla/5.0 (Windows NT 10.0; Win64; x64; rv:133.0) Gecko/20100101 Firefox/133.0', '2024-12-04 16:06:38', '2024-12-04 16:06:38', '2024-12-04 16:06:38', '');
INSERT INTO `tbl_usaha_rudapaksa` VALUES ('314dc88f-a4c1-4708-a758-54674a43cc19', 1, '127.0.0.1', 'Mozilla/5.0 (Windows NT 10.0; Win64; x64; rv:133.0) Gecko/20100101 Firefox/133.0', '2024-12-19 20:34:35', '2024-12-19 20:34:35', '2024-12-19 20:34:35', 'kardusimajinasi');
INSERT INTO `tbl_usaha_rudapaksa` VALUES ('327fb907-fb9d-442b-a088-7d5387b6e3d2', 1, '127.0.0.1', 'Mozilla/5.0 (Windows NT 10.0; Win64; x64; rv:133.0) Gecko/20100101 Firefox/133.0', '2024-12-03 22:38:08', '2024-12-03 22:38:08', '2024-12-03 22:38:08', '');
INSERT INTO `tbl_usaha_rudapaksa` VALUES ('338fc794-bdca-42be-83cc-7fe1a46bee32', 1, '127.0.0.1', 'Mozilla/5.0 (Windows NT 10.0; Win64; x64; rv:133.0) Gecko/20100101 Firefox/133.0', '2024-12-21 22:08:02', '2024-12-21 22:08:02', '2024-12-21 22:08:02', 'diskominfosp');
INSERT INTO `tbl_usaha_rudapaksa` VALUES ('363e4a53-f2ab-466e-9906-a14135ff9aa1', 1, '192.168.27.77', 'Mozilla/5.0 (Windows NT 10.0; Win64; x64; rv:133.0) Gecko/20100101 Firefox/133.0', '2024-12-04 13:37:32', '2024-12-04 13:37:32', '2024-12-04 13:37:32', '');
INSERT INTO `tbl_usaha_rudapaksa` VALUES ('36c3352a-aff1-4986-bd62-6193eebf0cd9', 1, '192.168.27.77', 'Mozilla/5.0 (Windows NT 10.0; Win64; x64; rv:133.0) Gecko/20100101 Firefox/133.0', '2024-12-03 13:53:23', '2024-12-03 13:53:23', '2024-12-03 13:53:23', '');
INSERT INTO `tbl_usaha_rudapaksa` VALUES ('3ec547c1-b7e3-4023-875f-4d5d9e1c4d82', 1, '127.0.0.1', 'Mozilla/5.0 (Windows NT 10.0; Win64; x64; rv:133.0) Gecko/20100101 Firefox/133.0', '2024-12-19 20:30:57', '2024-12-19 20:30:57', '2024-12-19 20:30:57', 'kardusimajinasi');
INSERT INTO `tbl_usaha_rudapaksa` VALUES ('41ae19bf-5980-4add-8a88-d0fcddc53fd9', 1, '192.168.27.77', 'Mozilla/5.0 (Windows NT 10.0; Win64; x64; rv:133.0) Gecko/20100101 Firefox/133.0', '2024-12-04 10:36:56', '2024-12-04 10:36:56', '2024-12-04 10:36:56', '');
INSERT INTO `tbl_usaha_rudapaksa` VALUES ('4390b3c1-046d-4112-a6e8-5ee82745577a', 1, '127.0.0.1', 'Mozilla/5.0 (Windows NT 10.0; Win64; x64; rv:133.0) Gecko/20100101 Firefox/133.0', '2024-12-06 14:07:47', '2024-12-06 14:07:47', '2024-12-06 14:07:47', '');
INSERT INTO `tbl_usaha_rudapaksa` VALUES ('44021f25-8b01-4a64-9556-ac37e1329ebb', 1, '127.0.0.1', 'Mozilla/5.0 (Windows NT 10.0; Win64; x64; rv:133.0) Gecko/20100101 Firefox/133.0', '2024-12-20 17:15:14', '2024-12-20 17:15:14', '2024-12-20 17:15:14', 'kardusimajinasi');
INSERT INTO `tbl_usaha_rudapaksa` VALUES ('44f15306-be3b-4bd5-abf4-51f874c86b52', 1, '127.0.0.1', 'Mozilla/5.0 (Windows NT 10.0; Win64; x64; rv:133.0) Gecko/20100101 Firefox/133.0', '2024-12-19 20:40:06', '2024-12-19 20:40:06', '2024-12-19 20:40:06', 'kardusimajinasi');
INSERT INTO `tbl_usaha_rudapaksa` VALUES ('486520cc-9f06-406f-ae68-071fb4524047', 1, '127.0.0.1', 'Mozilla/5.0 (Windows NT 10.0; Win64; x64; rv:133.0) Gecko/20100101 Firefox/133.0', '2024-12-21 21:57:13', '2024-12-21 21:57:13', '2024-12-21 21:57:13', 'kardusimajinasi');
INSERT INTO `tbl_usaha_rudapaksa` VALUES ('48a7e900-3a2a-4c75-833e-7c6d060e1024', 1, '127.0.0.1', 'Mozilla/5.0 (Windows NT 10.0; Win64; x64; rv:133.0) Gecko/20100101 Firefox/133.0', '2024-12-19 15:32:04', '2024-12-19 15:32:04', '2024-12-19 15:32:04', 'kardusimajinasi');
INSERT INTO `tbl_usaha_rudapaksa` VALUES ('48e88f0f-8902-4410-a312-a15d231e788f', 1, '127.0.0.1', 'Mozilla/5.0 (Windows NT 10.0; Win64; x64; rv:133.0) Gecko/20100101 Firefox/133.0', '2024-12-21 22:52:59', '2024-12-21 22:52:59', '2024-12-21 22:52:59', 'dpupr');
INSERT INTO `tbl_usaha_rudapaksa` VALUES ('4998f70f-5b2f-41b4-8161-9d1fc843f382', 1, '127.0.0.1', 'Mozilla/5.0 (Windows NT 10.0; Win64; x64; rv:133.0) Gecko/20100101 Firefox/133.0', '2024-12-20 18:15:13', '2024-12-20 18:15:13', '2024-12-20 18:15:13', 'kardusimajinasi');
INSERT INTO `tbl_usaha_rudapaksa` VALUES ('4a8e6d82-a987-45e1-8b92-269071060da2', 1, '127.0.0.1', 'Mozilla/5.0 (Windows NT 10.0; Win64; x64; rv:133.0) Gecko/20100101 Firefox/133.0', '2024-12-16 14:18:24', '2024-12-16 14:18:24', '2024-12-16 14:18:24', 'kardusimajinasi');
INSERT INTO `tbl_usaha_rudapaksa` VALUES ('4aa1d7ac-8ca9-4725-b149-98486ff099ec', 1, '127.0.0.1', 'Mozilla/5.0 (Windows NT 10.0; Win64; x64; rv:133.0) Gecko/20100101 Firefox/133.0', '2024-12-21 12:57:10', '2024-12-21 12:57:10', '2024-12-21 12:57:10', 'kardusimajinasi');
INSERT INTO `tbl_usaha_rudapaksa` VALUES ('4bcd42c6-f1ad-4a17-8191-51f65bf310e3', 1, '127.0.0.1', 'Mozilla/5.0 (Windows NT 10.0; Win64; x64; rv:133.0) Gecko/20100101 Firefox/133.0', '2024-12-20 18:44:21', '2024-12-20 18:44:21', '2024-12-20 18:44:21', 'kardusimajinasi');
INSERT INTO `tbl_usaha_rudapaksa` VALUES ('541ac801-8624-43f3-8218-18868a8fc5c5', 1, '127.0.0.1', 'Mozilla/5.0 (Windows NT 10.0; Win64; x64; rv:133.0) Gecko/20100101 Firefox/133.0', '2024-12-16 14:46:43', '2024-12-16 14:46:43', '2024-12-16 14:46:43', 'kardusimajinasi');
INSERT INTO `tbl_usaha_rudapaksa` VALUES ('56fecad2-b6d9-477b-9855-fecac0aa6156', 1, '127.0.0.1', 'Mozilla/5.0 (Windows NT 10.0; Win64; x64; rv:133.0) Gecko/20100101 Firefox/133.0', '2024-12-06 13:29:08', '2024-12-06 13:29:08', '2024-12-06 13:29:08', '');
INSERT INTO `tbl_usaha_rudapaksa` VALUES ('5831f48f-91cd-46f0-b841-3415947203f0', 1, '127.0.0.1', 'Mozilla/5.0 (Windows NT 10.0; Win64; x64; rv:133.0) Gecko/20100101 Firefox/133.0', '2024-12-21 22:01:05', '2024-12-21 22:01:05', '2024-12-21 22:01:05', 'kardusimajinasi');
INSERT INTO `tbl_usaha_rudapaksa` VALUES ('58798364-fc6b-4c54-8b71-d569bc90f291', 1, '127.0.0.1', 'Mozilla/5.0 (Windows NT 10.0; Win64; x64; rv:133.0) Gecko/20100101 Firefox/133.0', '2024-12-16 13:38:19', '2024-12-16 13:38:19', '2024-12-16 13:38:19', 'kardusimajinasi');
INSERT INTO `tbl_usaha_rudapaksa` VALUES ('5949d2d7-32d0-41c3-9efe-44a66987590c', 1, '127.0.0.1', 'Mozilla/5.0 (Windows NT 10.0; Win64; x64; rv:133.0) Gecko/20100101 Firefox/133.0', '2024-12-21 10:44:12', '2024-12-21 10:44:12', '2024-12-21 10:44:12', 'kardusimajinasi');
INSERT INTO `tbl_usaha_rudapaksa` VALUES ('5b11ed2d-aefa-4414-99ef-c8a5b744c89c', 1, '127.0.0.1', 'Mozilla/5.0 (Windows NT 10.0; Win64; x64; rv:133.0) Gecko/20100101 Firefox/133.0', '2024-12-21 10:44:49', '2024-12-21 10:44:49', '2024-12-21 10:44:49', 'kardusimajinasi');
INSERT INTO `tbl_usaha_rudapaksa` VALUES ('60bad14f-db1b-476d-915e-f427510231a0', 1, '127.0.0.1', 'Mozilla/5.0 (Windows NT 10.0; Win64; x64; rv:133.0) Gecko/20100101 Firefox/133.0', '2024-12-21 22:55:03', '2024-12-21 22:55:03', '2024-12-21 22:55:03', 'dpupr');
INSERT INTO `tbl_usaha_rudapaksa` VALUES ('61664583-5317-4c1e-a78c-dbe01dc59b4e', 1, '127.0.0.1', 'Mozilla/5.0 (Windows NT 10.0; Win64; x64; rv:133.0) Gecko/20100101 Firefox/133.0', '2024-12-21 17:39:47', '2024-12-21 17:39:47', '2024-12-21 17:39:47', 'kardusimajinasi');
INSERT INTO `tbl_usaha_rudapaksa` VALUES ('61d79dc8-bee3-421a-b804-a518ad0d6936', 1, '127.0.0.1', 'Mozilla/5.0 (Windows NT 10.0; Win64; x64; rv:133.0) Gecko/20100101 Firefox/133.0', '2024-12-17 16:40:49', '2024-12-17 16:40:49', '2024-12-17 16:40:49', 'kardusimajinasi');
INSERT INTO `tbl_usaha_rudapaksa` VALUES ('63c4eea5-d49a-4bc8-9145-b02fe3eaa128', 1, '127.0.0.1', 'Mozilla/5.0 (Windows NT 10.0; Win64; x64; rv:133.0) Gecko/20100101 Firefox/133.0', '2024-12-11 08:13:38', '2024-12-11 08:13:38', '2024-12-11 08:13:38', '');
INSERT INTO `tbl_usaha_rudapaksa` VALUES ('64a0fc77-d9a7-4fca-9214-d232687c0a14', 1, '127.0.0.1', 'Mozilla/5.0 (Windows NT 10.0; Win64; x64; rv:133.0) Gecko/20100101 Firefox/133.0', '2024-12-10 20:19:29', '2024-12-10 20:19:29', '2024-12-10 20:19:29', '');
INSERT INTO `tbl_usaha_rudapaksa` VALUES ('64e68e7e-bb97-4c5c-a0b0-f49413567646', 1, '127.0.0.1', 'Mozilla/5.0 (Windows NT 10.0; Win64; x64; rv:133.0) Gecko/20100101 Firefox/133.0', '2024-12-20 09:42:42', '2024-12-20 09:42:42', '2024-12-20 09:42:42', 'kardusimajinasi');
INSERT INTO `tbl_usaha_rudapaksa` VALUES ('68d40a21-fd96-4c4c-80aa-89451d4f4584', 1, '127.0.0.1', 'Mozilla/5.0 (Windows NT 10.0; Win64; x64; rv:133.0) Gecko/20100101 Firefox/133.0', '2024-12-09 13:21:45', '2024-12-09 13:21:45', '2024-12-09 13:21:45', '');
INSERT INTO `tbl_usaha_rudapaksa` VALUES ('6aca2a9c-fd3d-4f9b-98d8-9b7e671da973', 1, '127.0.0.1', 'Mozilla/5.0 (Windows NT 10.0; Win64; x64; rv:133.0) Gecko/20100101 Firefox/133.0', '2024-12-06 10:28:27', '2024-12-06 10:28:27', '2024-12-06 10:28:27', '');
INSERT INTO `tbl_usaha_rudapaksa` VALUES ('6d467636-b9d9-4acb-af0f-a66b4e03a29d', 1, '127.0.0.1', 'Mozilla/5.0 (Windows NT 10.0; Win64; x64; rv:133.0) Gecko/20100101 Firefox/133.0', '2024-12-21 10:53:28', '2024-12-21 10:53:28', '2024-12-21 10:53:28', 'kardusimajinasi');
INSERT INTO `tbl_usaha_rudapaksa` VALUES ('6e4e34d0-9627-4895-b971-0f38ee60ad0c', 1, '127.0.0.1', 'Mozilla/5.0 (Windows NT 10.0; Win64; x64; rv:133.0) Gecko/20100101 Firefox/133.0', '2024-12-12 22:21:51', '2024-12-12 22:21:51', '2024-12-12 22:21:51', 'kardusimajinasi');
INSERT INTO `tbl_usaha_rudapaksa` VALUES ('6f5028ad-9a46-4652-ad0f-ad32bf251504', 1, '192.168.27.77', 'Mozilla/5.0 (Windows NT 10.0; Win64; x64; rv:133.0) Gecko/20100101 Firefox/133.0', '2024-12-03 11:05:14', '2024-12-03 11:05:14', '2024-12-03 11:05:14', '');
INSERT INTO `tbl_usaha_rudapaksa` VALUES ('71d3f904-b47c-472b-a318-9dde31bdc29e', 1, '127.0.0.1', 'Mozilla/5.0 (Windows NT 10.0; Win64; x64; rv:133.0) Gecko/20100101 Firefox/133.0', '2024-12-09 20:42:50', '2024-12-09 20:42:50', '2024-12-09 20:42:50', '');
INSERT INTO `tbl_usaha_rudapaksa` VALUES ('72bd4dbd-6064-4fa2-8af2-d9e78da8e97a', 1, '127.0.0.1', 'Mozilla/5.0 (Windows NT 10.0; Win64; x64; rv:133.0) Gecko/20100101 Firefox/133.0', '2024-12-11 08:57:32', '2024-12-11 08:57:32', '2024-12-11 08:57:32', '');
INSERT INTO `tbl_usaha_rudapaksa` VALUES ('731dbe46-07d0-4fc6-bd06-994ea2111c5b', 1, '127.0.0.1', 'Mozilla/5.0 (Windows NT 10.0; Win64; x64; rv:133.0) Gecko/20100101 Firefox/133.0', '2024-12-09 08:15:39', '2024-12-09 08:15:39', '2024-12-09 08:15:39', '');
INSERT INTO `tbl_usaha_rudapaksa` VALUES ('73901b4d-4c03-4a10-bade-dc0ed5e68c30', 1, '127.0.0.1', 'Mozilla/5.0 (Windows NT 10.0; Win64; x64; rv:133.0) Gecko/20100101 Firefox/133.0', '2024-12-21 10:58:01', '2024-12-21 10:58:01', '2024-12-21 10:58:01', 'kardusimajinasi');
INSERT INTO `tbl_usaha_rudapaksa` VALUES ('74d88801-d530-4863-9863-a6d240900495', 1, '127.0.0.1', 'Mozilla/5.0 (Windows NT 10.0; Win64; x64; rv:133.0) Gecko/20100101 Firefox/133.0', '2024-12-11 21:33:49', '2024-12-11 21:33:49', '2024-12-11 21:33:49', '');
INSERT INTO `tbl_usaha_rudapaksa` VALUES ('7591c8fd-0126-4b6b-a10d-6da1cd7c8236', 1, '127.0.0.1', 'Mozilla/5.0 (Windows NT 10.0; Win64; x64; rv:133.0) Gecko/20100101 Firefox/133.0', '2024-12-19 13:17:25', '2024-12-19 13:17:25', '2024-12-19 13:17:25', 'kardusimajinasi');
INSERT INTO `tbl_usaha_rudapaksa` VALUES ('76fa2e24-1b02-453f-a7f1-2e7a7468b93a', 1, '127.0.0.1', 'Mozilla/5.0 (Windows NT 10.0; Win64; x64; rv:133.0) Gecko/20100101 Firefox/133.0', '2024-12-20 18:51:05', '2024-12-20 18:51:05', '2024-12-20 18:51:05', 'kardusimajinasi');
INSERT INTO `tbl_usaha_rudapaksa` VALUES ('774262fd-ec7d-4735-a770-a0832eebc443', 1, '127.0.0.1', 'Mozilla/5.0 (Windows NT 10.0; Win64; x64; rv:133.0) Gecko/20100101 Firefox/133.0', '2024-12-16 14:58:03', '2024-12-16 14:58:03', '2024-12-16 14:58:03', 'kardusimajinasi');
INSERT INTO `tbl_usaha_rudapaksa` VALUES ('7875dfda-c0a1-4978-8bdc-cbfaa046c063', 1, '192.168.27.77', 'Mozilla/5.0 (Windows NT 10.0; Win64; x64; rv:133.0) Gecko/20100101 Firefox/133.0', '2024-12-03 15:18:13', '2024-12-03 15:18:13', '2024-12-03 15:18:13', '');
INSERT INTO `tbl_usaha_rudapaksa` VALUES ('79289ad1-88d7-466b-b2d6-b969d9a81745', 1, '192.168.27.77', 'Mozilla/5.0 (Windows NT 10.0; Win64; x64; rv:133.0) Gecko/20100101 Firefox/133.0', '2024-12-04 10:10:32', '2024-12-04 10:10:32', '2024-12-04 10:10:32', '');
INSERT INTO `tbl_usaha_rudapaksa` VALUES ('7a306568-bfa9-48e3-8381-8277d1318c16', 1, '127.0.0.1', 'Mozilla/5.0 (Windows NT 10.0; Win64; x64; rv:133.0) Gecko/20100101 Firefox/133.0', '2024-12-10 13:16:08', '2024-12-10 13:16:08', '2024-12-10 13:16:08', '');
INSERT INTO `tbl_usaha_rudapaksa` VALUES ('81910cb6-64a7-451f-9d34-065a7927c6ae', 1, '127.0.0.1', 'Mozilla/5.0 (Windows NT 10.0; Win64; x64; rv:133.0) Gecko/20100101 Firefox/133.0', '2024-12-21 13:25:15', '2024-12-21 13:25:15', '2024-12-21 13:25:15', 'kardusimajinasi');
INSERT INTO `tbl_usaha_rudapaksa` VALUES ('81b9d4de-5729-4875-a9d1-9f4b05d6056d', 1, '127.0.0.1', 'Mozilla/5.0 (Windows NT 10.0; Win64; x64; rv:133.0) Gecko/20100101 Firefox/133.0', '2024-12-05 16:54:07', '2024-12-05 16:54:07', '2024-12-05 16:54:07', '');
INSERT INTO `tbl_usaha_rudapaksa` VALUES ('833586c5-f166-4cfc-b1d4-324e381fb1ce', 1, '192.168.27.77', 'Mozilla/5.0 (Windows NT 10.0; Win64; x64; rv:133.0) Gecko/20100101 Firefox/133.0', '2024-12-03 13:22:31', '2024-12-03 13:22:31', '2024-12-03 13:22:31', '');
INSERT INTO `tbl_usaha_rudapaksa` VALUES ('88ce2547-dabd-4356-b46c-323a4ebe0b55', 1, '127.0.0.1', 'Mozilla/5.0 (Windows NT 10.0; Win64; x64; rv:133.0) Gecko/20100101 Firefox/133.0', '2024-12-16 13:48:39', '2024-12-16 13:48:39', '2024-12-16 13:48:39', 'kardusimajinasi');
INSERT INTO `tbl_usaha_rudapaksa` VALUES ('8af63589-1c65-4dee-a459-934dca0cabd6', 1, '127.0.0.1', 'Mozilla/5.0 (Windows NT 10.0; Win64; x64; rv:133.0) Gecko/20100101 Firefox/133.0', '2024-12-16 10:45:27', '2024-12-16 10:45:27', '2024-12-16 10:45:27', 'kardusimajinasi');
INSERT INTO `tbl_usaha_rudapaksa` VALUES ('8b0393af-c93f-41f9-afb1-a74f791cc20b', 1, '192.168.27.77', 'Mozilla/5.0 (Windows NT 10.0; Win64; x64; rv:133.0) Gecko/20100101 Firefox/133.0', '2024-12-04 14:46:20', '2024-12-04 14:46:20', '2024-12-04 14:46:20', '');
INSERT INTO `tbl_usaha_rudapaksa` VALUES ('8e87e858-206d-402e-8d9e-7a57095abbd2', 1, '127.0.0.1', 'Mozilla/5.0 (Windows NT 10.0; Win64; x64; rv:133.0) Gecko/20100101 Firefox/133.0', '2024-12-21 12:56:16', '2024-12-21 12:56:16', '2024-12-21 12:56:16', 'kardusimajinasi');
INSERT INTO `tbl_usaha_rudapaksa` VALUES ('920c1b19-c2a6-4495-8565-9210da8efe06', 1, '127.0.0.1', 'Mozilla/5.0 (Windows NT 10.0; Win64; x64; rv:133.0) Gecko/20100101 Firefox/133.0', '2024-12-10 19:59:15', '2024-12-10 19:59:15', '2024-12-10 19:59:15', '');
INSERT INTO `tbl_usaha_rudapaksa` VALUES ('94950c50-c3a2-4cfe-8e58-cb7b6f623d41', 1, '127.0.0.1', 'Mozilla/5.0 (Windows NT 10.0; Win64; x64; rv:133.0) Gecko/20100101 Firefox/133.0', '2024-12-20 18:16:27', '2024-12-20 18:16:27', '2024-12-20 18:16:27', 'kardusimajinasi');
INSERT INTO `tbl_usaha_rudapaksa` VALUES ('96b7f161-f482-4d81-945b-7b77ffc1460e', 1, '127.0.0.1', 'Mozilla/5.0 (Windows NT 10.0; Win64; x64; rv:133.0) Gecko/20100101 Firefox/133.0', '2024-12-11 15:28:48', '2024-12-11 15:28:48', '2024-12-11 15:28:48', '');
INSERT INTO `tbl_usaha_rudapaksa` VALUES ('97249eae-d4ad-4ebc-b452-1823c0f41949', 1, '127.0.0.1', 'Mozilla/5.0 (Windows NT 10.0; Win64; x64; rv:133.0) Gecko/20100101 Firefox/133.0', '2024-12-16 14:27:15', '2024-12-16 14:27:15', '2024-12-16 14:27:15', 'kardusimajinasi');
INSERT INTO `tbl_usaha_rudapaksa` VALUES ('9823ef25-086e-4791-87a3-e1a3c5898f70', 1, '127.0.0.1', 'Mozilla/5.0 (Windows NT 10.0; Win64; x64; rv:133.0) Gecko/20100101 Firefox/133.0', '2024-12-21 12:26:37', '2024-12-21 12:26:37', '2024-12-21 12:26:37', 'kardusimajinasi');
INSERT INTO `tbl_usaha_rudapaksa` VALUES ('98a0fe17-54fe-4149-84c1-33dda8a8c3ad', 1, '127.0.0.1', 'Mozilla/5.0 (Windows NT 10.0; Win64; x64; rv:133.0) Gecko/20100101 Firefox/133.0', '2024-12-16 15:43:17', '2024-12-16 15:43:17', '2024-12-16 15:43:17', 'kardusimajinasi');
INSERT INTO `tbl_usaha_rudapaksa` VALUES ('9b22b24f-5fc5-452d-a110-9512a36cdd19', 1, '127.0.0.1', 'Mozilla/5.0 (Windows NT 10.0; Win64; x64; rv:133.0) Gecko/20100101 Firefox/133.0', '2024-12-10 10:45:57', '2024-12-10 10:45:57', '2024-12-10 10:45:57', '');
INSERT INTO `tbl_usaha_rudapaksa` VALUES ('9bfe6e14-997a-4256-a375-2424f188fcb7', 1, '127.0.0.1', 'Mozilla/5.0 (Windows NT 10.0; Win64; x64; rv:133.0) Gecko/20100101 Firefox/133.0', '2024-12-21 13:57:45', '2024-12-21 13:57:45', '2024-12-21 13:57:45', 'kardusimajinasi');
INSERT INTO `tbl_usaha_rudapaksa` VALUES ('9c28776a-6ed8-471c-9a56-0bb8b9155db0', 1, '127.0.0.1', 'Mozilla/5.0 (Windows NT 10.0; Win64; x64; rv:133.0) Gecko/20100101 Firefox/133.0', '2024-12-21 20:13:40', '2024-12-21 20:13:40', '2024-12-21 20:13:40', 'kardusimajinasi');
INSERT INTO `tbl_usaha_rudapaksa` VALUES ('9d319400-d3ac-4c53-a48a-4641790ceb90', 1, '127.0.0.1', 'Mozilla/5.0 (Windows NT 10.0; Win64; x64; rv:133.0) Gecko/20100101 Firefox/133.0', '2024-12-20 18:16:01', '2024-12-20 18:16:01', '2024-12-20 18:16:01', 'kardusimajinasi');
INSERT INTO `tbl_usaha_rudapaksa` VALUES ('a1caa70d-f312-4139-9547-ad9014a80683', 1, '127.0.0.1', 'Mozilla/5.0 (Windows NT 10.0; Win64; x64; rv:133.0) Gecko/20100101 Firefox/133.0', '2024-12-11 13:02:44', '2024-12-11 13:02:44', '2024-12-11 13:02:44', '');
INSERT INTO `tbl_usaha_rudapaksa` VALUES ('a1d161c7-c51f-4993-b6fa-77236fcc0ab7', 1, '127.0.0.1', 'Mozilla/5.0 (Windows NT 10.0; Win64; x64; rv:133.0) Gecko/20100101 Firefox/133.0', '2024-12-09 13:17:59', '2024-12-09 13:17:59', '2024-12-09 13:17:59', '');
INSERT INTO `tbl_usaha_rudapaksa` VALUES ('a472ddb4-4e96-4ec3-9957-e6e6e44061a8', 1, '127.0.0.1', 'Mozilla/5.0 (Windows NT 10.0; Win64; x64; rv:133.0) Gecko/20100101 Firefox/133.0', '2024-12-11 20:41:54', '2024-12-11 20:41:54', '2024-12-11 20:41:54', '');
INSERT INTO `tbl_usaha_rudapaksa` VALUES ('a662ed63-94ce-4c5f-8654-aaa334ee9b07', 1, '127.0.0.1', 'Mozilla/5.0 (Windows NT 10.0; Win64; x64; rv:133.0) Gecko/20100101 Firefox/133.0', '2024-12-03 10:00:26', '2024-12-03 10:00:26', '2024-12-03 10:00:26', '');
INSERT INTO `tbl_usaha_rudapaksa` VALUES ('a688a1db-7851-4af9-8104-dc261418dcec', 1, '127.0.0.1', 'Mozilla/5.0 (Windows NT 10.0; Win64; x64; rv:133.0) Gecko/20100101 Firefox/133.0', '2024-12-21 22:45:00', '2024-12-21 22:45:00', '2024-12-21 22:45:00', 'dpupr');
INSERT INTO `tbl_usaha_rudapaksa` VALUES ('a8616de4-1ff8-4605-9637-4032561c6dc9', 1, '127.0.0.1', 'Mozilla/5.0 (Windows NT 10.0; Win64; x64; rv:133.0) Gecko/20100101 Firefox/133.0', '2024-12-16 15:36:35', '2024-12-16 15:36:35', '2024-12-16 15:36:35', 'kardusimajinasi');
INSERT INTO `tbl_usaha_rudapaksa` VALUES ('a938859c-6545-4c3a-9add-9deb6c223967', 1, '127.0.0.1', 'Mozilla/5.0 (Windows NT 10.0; Win64; x64; rv:133.0) Gecko/20100101 Firefox/133.0', '2024-12-05 16:02:39', '2024-12-05 16:02:39', '2024-12-05 16:02:39', '');
INSERT INTO `tbl_usaha_rudapaksa` VALUES ('aa0d91ec-4ef5-4867-a324-d8de454274b9', 1, '127.0.0.1', 'Mozilla/5.0 (Windows NT 10.0; Win64; x64; rv:133.0) Gecko/20100101 Firefox/133.0', '2024-12-16 15:47:51', '2024-12-16 15:47:51', '2024-12-16 15:47:51', 'kardusimajinasi');
INSERT INTO `tbl_usaha_rudapaksa` VALUES ('aa1bd5e8-9d84-4a2b-bffd-31cdac8ebf6a', 1, '127.0.0.1', 'Mozilla/5.0 (Windows NT 10.0; Win64; x64; rv:133.0) Gecko/20100101 Firefox/133.0', '2024-12-10 10:18:31', '2024-12-10 10:18:30', '2024-12-10 10:18:30', '');
INSERT INTO `tbl_usaha_rudapaksa` VALUES ('ab36106c-f7e9-4c31-9443-1a53ec0c1208', 1, '127.0.0.1', 'Mozilla/5.0 (Windows NT 10.0; Win64; x64; rv:133.0) Gecko/20100101 Firefox/133.0', '2024-12-11 21:47:06', '2024-12-11 21:47:06', '2024-12-11 21:47:06', '');
INSERT INTO `tbl_usaha_rudapaksa` VALUES ('acd3da11-8bd1-4884-a30d-d581f6a02fe3', 1, '127.0.0.1', 'Mozilla/5.0 (Windows NT 10.0; Win64; x64; rv:133.0) Gecko/20100101 Firefox/133.0', '2024-12-20 18:58:06', '2024-12-20 18:58:06', '2024-12-20 18:58:06', 'kardusimajinasi');
INSERT INTO `tbl_usaha_rudapaksa` VALUES ('aec98478-e158-4ca8-a6a5-54516d0c6565', 1, '127.0.0.1', 'Mozilla/5.0 (Windows NT 10.0; Win64; x64; rv:133.0) Gecko/20100101 Firefox/133.0', '2024-12-11 21:08:24', '2024-12-11 21:08:24', '2024-12-11 21:08:24', '');
INSERT INTO `tbl_usaha_rudapaksa` VALUES ('af2b0c3a-256d-43d6-b4bb-b855f2c66948', 1, '127.0.0.1', 'Mozilla/5.0 (Windows NT 10.0; Win64; x64; rv:133.0) Gecko/20100101 Firefox/133.0', '2024-12-09 14:17:17', '2024-12-09 14:17:17', '2024-12-09 14:17:17', '');
INSERT INTO `tbl_usaha_rudapaksa` VALUES ('b10e43bd-4ef8-49a8-ad0e-adcc2707ed35', 1, '192.168.27.77', 'Mozilla/5.0 (Windows NT 10.0; Win64; x64; rv:133.0) Gecko/20100101 Firefox/133.0', '2024-12-04 14:16:22', '2024-12-04 14:16:22', '2024-12-04 14:16:22', '');
INSERT INTO `tbl_usaha_rudapaksa` VALUES ('b2ec13e4-e174-4e90-9ff7-7e0276e494ba', 1, '127.0.0.1', 'Mozilla/5.0 (Windows NT 10.0; Win64; x64; rv:133.0) Gecko/20100101 Firefox/133.0', '2024-12-06 13:53:30', '2024-12-06 13:53:30', '2024-12-06 13:53:30', '');
INSERT INTO `tbl_usaha_rudapaksa` VALUES ('b4c115d4-482d-4745-9f17-3e6a9a0a5f79', 1, '127.0.0.1', 'Mozilla/5.0 (Windows NT 10.0; Win64; x64; rv:133.0) Gecko/20100101 Firefox/133.0', '2024-12-11 08:51:27', '2024-12-11 08:51:27', '2024-12-11 08:51:27', '');
INSERT INTO `tbl_usaha_rudapaksa` VALUES ('b525247b-3cab-42d2-85a0-8e04fcbf4224', 1, '127.0.0.1', 'Mozilla/5.0 (Windows NT 10.0; Win64; x64; rv:133.0) Gecko/20100101 Firefox/133.0', '2024-12-03 10:16:23', '2024-12-03 10:16:23', '2024-12-03 10:16:23', '');
INSERT INTO `tbl_usaha_rudapaksa` VALUES ('b5aa6f0e-f6dc-416c-8615-71d3f932cd87', 1, '127.0.0.1', 'Mozilla/5.0 (Windows NT 10.0; Win64; x64; rv:133.0) Gecko/20100101 Firefox/133.0', '2024-12-03 09:57:29', NULL, NULL, '');
INSERT INTO `tbl_usaha_rudapaksa` VALUES ('b5e16076-7706-48d3-9525-1f08e229344d', 1, '127.0.0.1', 'Mozilla/5.0 (Windows NT 10.0; Win64; x64; rv:133.0) Gecko/20100101 Firefox/133.0', '2024-12-13 10:23:58', '2024-12-13 10:23:58', '2024-12-13 10:23:58', 'kardusimajinasi');
INSERT INTO `tbl_usaha_rudapaksa` VALUES ('b6bfd35c-86b9-4721-a9fc-322fc8536786', 1, '127.0.0.1', 'Mozilla/5.0 (Windows NT 10.0; Win64; x64; rv:133.0) Gecko/20100101 Firefox/133.0', '2024-12-03 10:08:24', '2024-12-03 10:08:24', '2024-12-03 10:08:24', '');
INSERT INTO `tbl_usaha_rudapaksa` VALUES ('b73af318-4b3c-4e24-9318-8c48a76164d5', 1, '127.0.0.1', 'Mozilla/5.0 (Windows NT 10.0; Win64; x64; rv:133.0) Gecko/20100101 Firefox/133.0', '2024-12-11 21:46:13', '2024-12-11 21:46:13', '2024-12-11 21:46:13', '');
INSERT INTO `tbl_usaha_rudapaksa` VALUES ('b8342df4-d6b2-4c2e-a2a0-aa7b2f63f5f5', 0, '127.0.0.1', 'Mozilla/5.0 (Windows NT 10.0; Win64; x64; rv:133.0) Gecko/20100101 Firefox/133.0', '2024-12-21 22:06:41', '2024-12-21 22:06:41', '2024-12-21 22:06:41', 'diskominfosp');
INSERT INTO `tbl_usaha_rudapaksa` VALUES ('b91c93f5-0370-48bc-896b-ab18ddc04bca', 1, '127.0.0.1', 'Mozilla/5.0 (Windows NT 10.0; Win64; x64; rv:133.0) Gecko/20100101 Firefox/133.0', '2024-12-17 16:37:29', '2024-12-17 16:37:29', '2024-12-17 16:37:29', 'kardusimajinasi');
INSERT INTO `tbl_usaha_rudapaksa` VALUES ('b95d6c3a-014d-4f83-bd4f-55cc2e11dd0f', 1, '127.0.0.1', 'Mozilla/5.0 (Windows NT 10.0; Win64; x64; rv:133.0) Gecko/20100101 Firefox/133.0', '2024-12-10 16:31:34', '2024-12-10 16:31:34', '2024-12-10 16:31:34', '');
INSERT INTO `tbl_usaha_rudapaksa` VALUES ('ba86ad9d-33a7-4cab-a54d-1a240af44d09', 1, '127.0.0.1', 'Mozilla/5.0 (Windows NT 10.0; Win64; x64; rv:133.0) Gecko/20100101 Firefox/133.0', '2024-12-21 12:23:16', '2024-12-21 12:23:16', '2024-12-21 12:23:16', 'kardusimajinasi');
INSERT INTO `tbl_usaha_rudapaksa` VALUES ('c10b71ac-d3e8-4eff-8a81-8cf3e727f884', 1, '192.168.27.77', 'Mozilla/5.0 (Windows NT 10.0; Win64; x64; rv:133.0) Gecko/20100101 Firefox/133.0', '2024-12-03 13:12:18', '2024-12-03 13:12:18', '2024-12-03 13:12:18', '');
INSERT INTO `tbl_usaha_rudapaksa` VALUES ('c189a072-da6f-4cc8-9918-2d3b1ed70c02', 1, '127.0.0.1', 'Mozilla/5.0 (Windows NT 10.0; Win64; x64; rv:133.0) Gecko/20100101 Firefox/133.0', '2024-12-20 18:44:45', '2024-12-20 18:44:45', '2024-12-20 18:44:45', 'kardusimajinasi');
INSERT INTO `tbl_usaha_rudapaksa` VALUES ('c5c709d8-7bf8-498c-99d3-9406e67f276c', 1, '127.0.0.1', 'Mozilla/5.0 (Windows NT 10.0; Win64; x64; rv:133.0) Gecko/20100101 Firefox/133.0', '2024-12-21 22:56:03', '2024-12-21 22:56:03', '2024-12-21 22:56:03', 'dpupr');
INSERT INTO `tbl_usaha_rudapaksa` VALUES ('c84c42bc-e823-4898-8cf6-bbe5338a15bf', 1, '192.168.27.77', 'Mozilla/5.0 (Windows NT 10.0; Win64; x64; rv:133.0) Gecko/20100101 Firefox/133.0', '2024-12-04 13:46:17', '2024-12-04 13:46:17', '2024-12-04 13:46:17', '');
INSERT INTO `tbl_usaha_rudapaksa` VALUES ('c985d73e-81bd-4b17-97b3-4fce7bb5c3e1', 1, '127.0.0.1', 'Mozilla/5.0 (Windows NT 10.0; Win64; x64; rv:133.0) Gecko/20100101 Firefox/133.0', '2024-12-09 10:06:50', '2024-12-09 10:06:50', '2024-12-09 10:06:50', '');
INSERT INTO `tbl_usaha_rudapaksa` VALUES ('ca4b5831-c6ba-4fca-a60d-60b7c89611ae', 1, '127.0.0.1', 'Mozilla/5.0 (Windows NT 10.0; Win64; x64; rv:133.0) Gecko/20100101 Firefox/133.0', '2024-12-16 13:17:25', '2024-12-16 13:17:25', '2024-12-16 13:17:25', 'kardusimajinasi');
INSERT INTO `tbl_usaha_rudapaksa` VALUES ('ca53409b-7e3b-457a-9b3a-de7f7926f327', 1, '127.0.0.1', 'Mozilla/5.0 (Windows NT 10.0; Win64; x64; rv:133.0) Gecko/20100101 Firefox/133.0', '2024-12-21 13:13:24', '2024-12-21 13:13:24', '2024-12-21 13:13:24', 'kardusimajinasi');
INSERT INTO `tbl_usaha_rudapaksa` VALUES ('ca775e52-54d6-4f33-b288-4a946c450068', 1, '127.0.0.1', 'Mozilla/5.0 (Windows NT 10.0; Win64; x64; rv:133.0) Gecko/20100101 Firefox/133.0', '2024-12-21 12:56:09', '2024-12-21 12:56:09', '2024-12-21 12:56:09', 'kardusimajinasi');
INSERT INTO `tbl_usaha_rudapaksa` VALUES ('ce563665-5555-48b9-ab18-722bc1bc37e4', 1, '192.168.27.77', 'Mozilla/5.0 (Windows NT 10.0; Win64; x64; rv:133.0) Gecko/20100101 Firefox/133.0', '2024-12-04 10:19:03', '2024-12-04 10:19:03', '2024-12-04 10:19:03', '');
INSERT INTO `tbl_usaha_rudapaksa` VALUES ('ce5d14f0-7776-4dd4-ad27-a9bbca0e9d68', 1, '127.0.0.1', 'Mozilla/5.0 (Windows NT 10.0; Win64; x64; rv:133.0) Gecko/20100101 Firefox/133.0', '2024-12-21 23:11:48', '2024-12-21 23:11:48', '2024-12-21 23:11:48', 'dpupr');
INSERT INTO `tbl_usaha_rudapaksa` VALUES ('ce94f292-564d-40fe-9fb9-f0893ba3b8ac', 1, '127.0.0.1', 'Mozilla/5.0 (Windows NT 10.0; Win64; x64; rv:133.0) Gecko/20100101 Firefox/133.0', '2024-12-11 21:07:09', '2024-12-11 21:07:09', '2024-12-11 21:07:09', '');
INSERT INTO `tbl_usaha_rudapaksa` VALUES ('cebcedb0-9634-4e76-b817-37243a6507d9', 1, '127.0.0.1', 'Mozilla/5.0 (Windows NT 10.0; Win64; x64; rv:133.0) Gecko/20100101 Firefox/133.0', '2024-12-09 11:07:33', '2024-12-09 11:07:33', '2024-12-09 11:07:33', '');
INSERT INTO `tbl_usaha_rudapaksa` VALUES ('d01a3693-8b46-4600-8506-edfbe7d0fe57', 1, '127.0.0.1', 'Mozilla/5.0 (Windows NT 10.0; Win64; x64; rv:133.0) Gecko/20100101 Firefox/133.0', '2024-12-09 09:04:12', '2024-12-09 09:04:12', '2024-12-09 09:04:12', '');
INSERT INTO `tbl_usaha_rudapaksa` VALUES ('d130828f-1c80-437c-9bf7-920676269806', 1, '127.0.0.1', 'Mozilla/5.0 (Windows NT 10.0; Win64; x64; rv:133.0) Gecko/20100101 Firefox/133.0', '2024-12-21 13:12:04', '2024-12-21 13:12:04', '2024-12-21 13:12:04', 'kardusimajinasi');
INSERT INTO `tbl_usaha_rudapaksa` VALUES ('d5ce1833-bba1-4980-a24a-1be47fbe0ee5', 1, '127.0.0.1', 'Mozilla/5.0 (Windows NT 10.0; Win64; x64; rv:133.0) Gecko/20100101 Firefox/133.0', '2024-12-05 16:06:02', '2024-12-05 16:06:02', '2024-12-05 16:06:02', '');
INSERT INTO `tbl_usaha_rudapaksa` VALUES ('dbb5ae24-827c-4d36-a71a-ecd6172ca628', 1, '127.0.0.1', 'Mozilla/5.0 (Windows NT 10.0; Win64; x64; rv:133.0) Gecko/20100101 Firefox/133.0', '2024-12-20 09:41:53', '2024-12-20 09:41:53', '2024-12-20 09:41:53', 'kardusimajinasi');
INSERT INTO `tbl_usaha_rudapaksa` VALUES ('dd3fc9c8-e6ee-4917-b288-320618627a35', 1, '192.168.27.77', 'Mozilla/5.0 (Windows NT 10.0; Win64; x64; rv:133.0) Gecko/20100101 Firefox/133.0', '2024-12-04 10:18:11', '2024-12-04 10:18:11', '2024-12-04 10:18:11', '');
INSERT INTO `tbl_usaha_rudapaksa` VALUES ('ddc2771a-15df-43af-8de9-b66018e7a0ea', 1, '127.0.0.1', 'Mozilla/5.0 (Windows NT 10.0; Win64; x64; rv:133.0) Gecko/20100101 Firefox/133.0', '2024-12-21 22:55:39', '2024-12-21 22:55:39', '2024-12-21 22:55:39', 'dpupr');
INSERT INTO `tbl_usaha_rudapaksa` VALUES ('ddd45ae8-ffb8-4d54-ba1b-a81816a58448', 1, '127.0.0.1', 'Mozilla/5.0 (Windows NT 10.0; Win64; x64; rv:133.0) Gecko/20100101 Firefox/133.0', '2024-12-05 13:26:58', '2024-12-05 13:26:58', '2024-12-05 13:26:58', '');
INSERT INTO `tbl_usaha_rudapaksa` VALUES ('de1eed3d-ddaa-4efe-8f93-22f19f25cb98', 1, '127.0.0.1', 'Mozilla/5.0 (Windows NT 10.0; Win64; x64; rv:133.0) Gecko/20100101 Firefox/133.0', '2024-12-11 17:01:48', '2024-12-11 17:01:48', '2024-12-11 17:01:48', '');
INSERT INTO `tbl_usaha_rudapaksa` VALUES ('df8229bd-690f-4635-9872-b57e70bc7764', 1, '127.0.0.1', 'Mozilla/5.0 (Windows NT 10.0; Win64; x64; rv:133.0) Gecko/20100101 Firefox/133.0', '2024-12-20 09:38:44', '2024-12-20 09:38:44', '2024-12-20 09:38:44', 'kardusimajinasi');
INSERT INTO `tbl_usaha_rudapaksa` VALUES ('e2394bdf-beb7-4411-8c0e-93ddedc755eb', 1, '127.0.0.1', 'Mozilla/5.0 (Windows NT 10.0; Win64; x64; rv:133.0) Gecko/20100101 Firefox/133.0', '2024-12-09 15:57:55', '2024-12-09 15:57:55', '2024-12-09 15:57:55', '');
INSERT INTO `tbl_usaha_rudapaksa` VALUES ('e2f1c1b1-d5d9-4a1a-9867-9ceefb839efb', 1, '192.168.27.77', 'Mozilla/5.0 (Windows NT 10.0; Win64; x64; rv:133.0) Gecko/20100101 Firefox/133.0', '2024-12-04 14:25:53', '2024-12-04 14:25:53', '2024-12-04 14:25:53', '');
INSERT INTO `tbl_usaha_rudapaksa` VALUES ('e373ed73-e00c-4144-9643-cf3fc0480759', 1, '127.0.0.1', 'Mozilla/5.0 (Windows NT 10.0; Win64; x64; rv:133.0) Gecko/20100101 Firefox/133.0', '2024-12-11 08:05:57', '2024-12-11 08:05:57', '2024-12-11 08:05:57', '');
INSERT INTO `tbl_usaha_rudapaksa` VALUES ('e5b3b033-699b-474d-bad9-84b492b867ae', 1, '127.0.0.1', 'Mozilla/5.0 (Windows NT 10.0; Win64; x64; rv:133.0) Gecko/20100101 Firefox/133.0', '2024-12-21 13:29:48', '2024-12-21 13:29:48', '2024-12-21 13:29:48', 'kardusimajinasi');
INSERT INTO `tbl_usaha_rudapaksa` VALUES ('e5b7a563-7aa1-469c-bb6e-414311d6e886', 1, '127.0.0.1', 'Mozilla/5.0 (Windows NT 10.0; Win64; x64; rv:133.0) Gecko/20100101 Firefox/133.0', '2024-12-09 08:42:48', '2024-12-09 08:42:48', '2024-12-09 08:42:48', '');
INSERT INTO `tbl_usaha_rudapaksa` VALUES ('e62583b5-8479-4f6b-99a2-44e8b89e05d8', 1, '127.0.0.1', 'Mozilla/5.0 (Windows NT 10.0; Win64; x64; rv:133.0) Gecko/20100101 Firefox/133.0', '2024-12-03 09:57:51', '2024-12-03 09:57:51', '2024-12-03 09:57:51', '');
INSERT INTO `tbl_usaha_rudapaksa` VALUES ('e9643d53-d4c3-4314-8212-5b68aba545b5', 1, '127.0.0.1', 'Mozilla/5.0 (Windows NT 10.0; Win64; x64; rv:133.0) Gecko/20100101 Firefox/133.0', '2024-12-16 15:31:28', '2024-12-16 15:31:28', '2024-12-16 15:31:28', 'kardusimajinasi');
INSERT INTO `tbl_usaha_rudapaksa` VALUES ('ea7bb579-6517-4c83-b66e-15d9643e7c6b', 1, '192.168.27.77', 'Mozilla/5.0 (Windows NT 10.0; Win64; x64; rv:133.0) Gecko/20100101 Firefox/133.0', '2024-12-04 13:20:47', '2024-12-04 13:20:47', '2024-12-04 13:20:47', '');
INSERT INTO `tbl_usaha_rudapaksa` VALUES ('eba3f85c-8c90-400f-b866-42455b75a567', 1, '127.0.0.1', 'Mozilla/5.0 (Windows NT 10.0; Win64; x64; rv:133.0) Gecko/20100101 Firefox/133.0', '2024-12-21 10:45:11', '2024-12-21 10:45:11', '2024-12-21 10:45:11', 'kardusimajinasi');
INSERT INTO `tbl_usaha_rudapaksa` VALUES ('ec92f59e-7a16-4e9e-aa07-848e571e9209', 1, '127.0.0.1', 'Mozilla/5.0 (Windows NT 10.0; Win64; x64; rv:133.0) Gecko/20100101 Firefox/133.0', '2024-12-18 15:19:28', '2024-12-18 15:19:28', '2024-12-18 15:19:28', 'kardusimajinasi');
INSERT INTO `tbl_usaha_rudapaksa` VALUES ('ece0a901-c080-43a3-b7c9-399ec1aa9858', 1, '127.0.0.1', 'Mozilla/5.0 (Windows NT 10.0; Win64; x64; rv:133.0) Gecko/20100101 Firefox/133.0', '2024-12-05 15:39:04', '2024-12-05 15:39:04', '2024-12-05 15:39:04', '');
INSERT INTO `tbl_usaha_rudapaksa` VALUES ('ef190fd9-5509-4cb0-a990-073471136dea', 1, '127.0.0.1', 'Mozilla/5.0 (Windows NT 10.0; Win64; x64; rv:133.0) Gecko/20100101 Firefox/133.0', '2024-12-20 17:20:08', '2024-12-20 17:20:08', '2024-12-20 17:20:08', 'kardusimajinasi');
INSERT INTO `tbl_usaha_rudapaksa` VALUES ('ef30d601-e651-484a-8d11-dd57f738b2c4', 1, '127.0.0.1', 'Mozilla/5.0 (Windows NT 10.0; Win64; x64; rv:133.0) Gecko/20100101 Firefox/133.0', '2024-12-12 15:33:08', '2024-12-12 15:33:08', '2024-12-12 15:33:08', 'kardusimajinasi');
INSERT INTO `tbl_usaha_rudapaksa` VALUES ('f4011198-d539-47a8-98d9-363badd4e85d', 1, '127.0.0.1', 'Mozilla/5.0 (Windows NT 10.0; Win64; x64; rv:133.0) Gecko/20100101 Firefox/133.0', '2024-12-21 21:55:05', '2024-12-21 21:55:05', '2024-12-21 21:55:05', 'kardusimajinasi');
INSERT INTO `tbl_usaha_rudapaksa` VALUES ('f40c54b0-4816-4c89-bba3-bff08f304d11', 1, '127.0.0.1', 'Mozilla/5.0 (Windows NT 10.0; Win64; x64; rv:133.0) Gecko/20100101 Firefox/133.0', '2024-12-21 13:09:24', '2024-12-21 13:09:24', '2024-12-21 13:09:24', 'kardusimajinasi');
INSERT INTO `tbl_usaha_rudapaksa` VALUES ('f5fe2288-3683-4061-902b-19dc87dd9233', 1, '127.0.0.1', 'Mozilla/5.0 (Windows NT 10.0; Win64; x64; rv:133.0) Gecko/20100101 Firefox/133.0', '2024-12-03 10:07:26', '2024-12-03 10:07:26', '2024-12-03 10:07:26', '');
INSERT INTO `tbl_usaha_rudapaksa` VALUES ('fb183b0c-071c-4b37-8597-d995d546148d', 1, '127.0.0.1', 'Mozilla/5.0 (Windows NT 10.0; Win64; x64; rv:133.0) Gecko/20100101 Firefox/133.0', '2024-12-21 17:31:57', '2024-12-21 17:31:57', '2024-12-21 17:31:57', 'kardusimajinasi');
INSERT INTO `tbl_usaha_rudapaksa` VALUES ('fe425c68-92b6-4519-846b-7bce41a12f3b', 1, '192.168.27.77', 'Mozilla/5.0 (Windows NT 10.0; Win64; x64; rv:133.0) Gecko/20100101 Firefox/133.0', '2024-12-04 10:35:23', '2024-12-04 10:35:23', '2024-12-04 10:35:23', '');
INSERT INTO `tbl_usaha_rudapaksa` VALUES ('feaddf40-ed4b-4da7-8789-83a569dd4383', 1, '127.0.0.1', 'Mozilla/5.0 (Windows NT 10.0; Win64; x64; rv:133.0) Gecko/20100101 Firefox/133.0', '2024-12-21 23:12:45', '2024-12-21 23:12:45', '2024-12-21 23:12:45', 'dpupr');
INSERT INTO `tbl_usaha_rudapaksa` VALUES ('ff27ccbf-6728-49df-9305-e4b1ae578646', 1, '127.0.0.1', 'Mozilla/5.0 (Windows NT 10.0; Win64; x64; rv:133.0) Gecko/20100101 Firefox/133.0', '2024-12-21 22:07:06', '2024-12-21 22:07:06', '2024-12-21 22:07:06', 'kardusimajinasi');

-- ----------------------------
-- Table structure for users
-- ----------------------------
DROP TABLE IF EXISTS `users`;
CREATE TABLE `users`  (
  `id` char(36) CHARACTER SET utf8mb4 COLLATE utf8mb4_unicode_ci NOT NULL,
  `name` varchar(255) CHARACTER SET utf8mb4 COLLATE utf8mb4_unicode_ci NOT NULL,
  `level_id` char(36) CHARACTER SET utf8mb4 COLLATE utf8mb4_unicode_ci NULL DEFAULT NULL,
  `instansi_id` char(36) CHARACTER SET utf8mb4 COLLATE utf8mb4_unicode_ci NULL DEFAULT NULL,
  `email` varchar(255) CHARACTER SET utf8mb4 COLLATE utf8mb4_unicode_ci NOT NULL,
  `telepon` varchar(15) CHARACTER SET utf8mb4 COLLATE utf8mb4_unicode_ci NULL DEFAULT NULL,
  `password` varchar(255) CHARACTER SET utf8mb4 COLLATE utf8mb4_unicode_ci NOT NULL,
  `email_verified_at` timestamp(0) NULL DEFAULT NULL,
  `remember_token` varchar(100) CHARACTER SET utf8mb4 COLLATE utf8mb4_unicode_ci NULL DEFAULT NULL,
  `created_at` timestamp(0) NULL DEFAULT NULL,
  `updated_at` timestamp(0) NULL DEFAULT NULL,
  `username` varchar(50) CHARACTER SET utf8mb4 COLLATE utf8mb4_unicode_ci NOT NULL,
  PRIMARY KEY (`id`) USING BTREE,
  UNIQUE INDEX `users_email_unique`(`email`) USING BTREE,
  UNIQUE INDEX `username`(`username`) USING BTREE,
  INDEX `users_level_foreign`(`level_id`) USING BTREE,
  INDEX `users_instansi_foreign`(`instansi_id`) USING BTREE,
  CONSTRAINT `users_instansi_foreign` FOREIGN KEY (`instansi_id`) REFERENCES `tbl_instansi` (`id`) ON DELETE SET NULL ON UPDATE RESTRICT,
  CONSTRAINT `users_level_foreign` FOREIGN KEY (`level_id`) REFERENCES `tbl_lvl` (`id`) ON DELETE SET NULL ON UPDATE RESTRICT
) ENGINE = InnoDB CHARACTER SET = utf8mb4 COLLATE = utf8mb4_unicode_ci ROW_FORMAT = Dynamic;

-- ----------------------------
-- Records of users
-- ----------------------------
INSERT INTO `users` VALUES ('a3253666-93c8-41e6-9c3b-9d2e1c0a8460', 'PENGELOLA SISTEM MESI', 'c484616e-54f5-4a1e-a0db-fa926ccf85bf', '5a2c5757-7fbf-4870-a7c3-27d74bfecb50', 'diskominfosp@gmail.com', '02712941667', '$2y$12$27hW8cpfj2k08b/kie6odu1kkbcjpcemsNfhEw8sF2K6rmCGdLTmO', NULL, NULL, '2024-12-11 21:25:51', '2024-12-11 21:25:51', 'diskominfosp');
INSERT INTO `users` VALUES ('b9c5c3d1-de11-45f9-939f-e7979c034023', 'DPUPR', '69d12f23-f06e-4035-b5a7-24efd1a6aa47', '0263dca3-d243-421f-befb-471f2fdb2af6', 'dpupr@surakarta.go.id', '0271123222', '$2y$12$S48SXRC.lm278k5JZO5h4.ni2fSsqz61g.SRpZ9/AMsn6dbQOaqxO', NULL, NULL, '2024-12-21 22:15:28', '2024-12-21 22:15:28', 'DPUPR');
INSERT INTO `users` VALUES ('cd896219-001f-45c3-981b-b59fdfa93b14', 'ARDYMULYA ISWARDANI', '6b253084-0274-4b22-8536-17593edc4701', '5a2c5757-7fbf-4870-a7c3-27d74bfecb50', 'casing.belakang@gmail.com', '081933664056', '$2y$12$27hW8cpfj2k08b/kie6odu1kkbcjpcemsNfhEw8sF2K6rmCGdLTmO', NULL, NULL, '2024-11-11 06:36:52', '2024-11-11 06:36:52', 'kardusimajinasi');

-- ----------------------------
-- Table structure for visitors
-- ----------------------------
DROP TABLE IF EXISTS `visitors`;
CREATE TABLE `visitors`  (
  `id` bigint UNSIGNED NOT NULL AUTO_INCREMENT,
  `ip_address` varchar(255) CHARACTER SET utf8mb4 COLLATE utf8mb4_unicode_ci NOT NULL,
  `visited_at` timestamp(0) NOT NULL,
  `created_at` timestamp(0) NULL DEFAULT NULL,
  `updated_at` timestamp(0) NULL DEFAULT NULL,
  PRIMARY KEY (`id`) USING BTREE
) ENGINE = InnoDB AUTO_INCREMENT = 1 CHARACTER SET = utf8mb4 COLLATE = utf8mb4_unicode_ci ROW_FORMAT = Dynamic;

-- ----------------------------
-- Records of visitors
-- ----------------------------

SET FOREIGN_KEY_CHECKS = 1;
